model,tier,treebank,metric,category,value,ci_low,ci_high,n,n_boot,seed,batch_size,lemma_mode,prompt_sha256,model_version,config_hash,timestamp
gemma3:27b,local,ja_gsd,boundary_precision,all,0.9895087001023541,0.9855582029292488,0.9929575462426604,543,1000,1234,1,False,8295877ae96590fd4e706e482ec81e78d36954d18a3848c13b0ece0cb8e06f1c,gemma3:27b,0e1f3521fa819f53d225295b028894f9f6879abf0ec1603c520f7d35bea81104,2026-10-07T07:57:13
gemma3:27b,local,ja_gsd,boundary_recall,all,0.6191657993755504,0.5981458108447778,0.6412930583962426,543,1000,1234,1,False,8295877ae96590fd4e706e482ec81e78d36954d18a3848c13b0ece0cb8e06f1c,gemma3:27b,0e1f3521fa819f53d225295b028894f9f6879abf0ec1603c520f7d35bea81104,2026-10-07T07:57:13
gemma3:27b,local,ja_gsd,boundary_f1,all,0.7617077854926873,0.7446655988043437,0.7780076915797028,543,1000,1234,1,False,8295877ae96590fd4e706e482ec81e78d36954d18a3848c13b0ece0cb8e06f1c,gemma3:27b,0e1f3521fa819f53d225295b028894f9f6879abf0ec1603c520f7d35bea81104,2026-10-07T07:57:13
gemma3:27b,local,ja_gsd,word_precision,all,0.6412067520651263,0.62185717450194,0.6633837058780685,543,1000,1234,1,False,8295877ae96590fd4e706e482ec81e78d36954d18a3848c13b0ece0cb8e06f1c,gemma3:27b,0e1f3521fa819f53d225295b028894f9f6879abf0ec1603c520f7d35bea81104,2026-10-07T07:57:13
gemma3:27b,local,ja_gsd,word_recall,all,0.4109252723645849,0.38565343232921806,0.43587868031369065,543,1000,1234,1,False,8295877ae96590fd4e706e482ec81e78d36954d18a3848c13b0ece0cb8e06f1c,gemma3:27b,0e1f3521fa819f53d225295b028894f9f6879abf0ec1603c520f7d35bea81104,2026-10-07T07:57:13
gemma3:27b,local,ja_gsd,word_f1,all,0.5008650114555572,0.47621167451548235,0.5247008491857005,543,1000,1234,1,False,8295877ae96590fd4e706e482ec81e78d36954d18a3848c13b0ece0cb8e06f1c,gemma3:27b,0e1f3521fa819f53d225295b028894f9f6879abf0ec1603c520f7d35bea81104,2026-10-07T07:57:13
gemma3:27b,local,ja_gsd,parse_rate,all,0.9208103130755064,,,543,1000,1234,1,False,8295877ae96590fd4e706e482ec81e78d36954d18a3848c13b0ece0cb8e06f1c,gemma3:27b,0e1f3521fa819f53d225295b028894f9f6879abf0ec1603c520f7d35bea81104,2026-10-07T07:57:13
gemma3:27b,local,ja_gsd,word_recall,proper_noun,0.3706070287539936,0.3076687116564417,0.45187801932367144,543,1000,1234,1,False,8295877ae96590fd4e706e482ec81e78d36954d18a3848c13b0ece0cb8e06f1c,gemma3:27b,0e1f3521fa819f53d225295b028894f9f6879abf0ec1603c520f7d35bea81104,2026-10-07T07:57:13
gemma3:27b,local,ja_gsd,word_recall,katakana,0.47401247401247404,0.41478506720447766,0.5372611135593067,543,1000,1234,1,False,8295877ae96590fd4e706e482ec81e78d36954d18a3848c13b0ece0cb8e06f1c,gemma3:27b,0e1f3521fa819f53d225295b028894f9f6879abf0ec1603c520f7d35bea81104,2026-10-07T07:57:13
gemma3:27b,local,ja_gsd,word_recall,other,0.4094771241830065,0.383470269642494,0.43296572613516354,543,1000,1234,1,False,8295877ae96590fd4e706e482ec81e78d36954d18a3848c13b0ece0cb8e06f1c,gemma3:27b,0e1f3521fa819f53d225295b028894f9f6879abf0ec1603c520f7d35bea81104,2026-10-07T07:57:13
gemma3:27b@b1,local,ja_gsd,boundary_precision,all,0.9868724090280977,0.9802407544078294,0.9915230059246644,543,1000,1234,1,False,4b66ecbc60b56f77c3310947d5e544240838dae142e4d4453f0afc0dbb364d0b,gemma3:27b,0e1f3521fa819f53d225295b028894f9f6879abf0ec1603c520f7d35bea81104,2026-10-07T07:57:13
gemma3:27b@b1,local,ja_gsd,boundary_recall,all,0.6860939876711232,0.6667723749119098,0.7067537244409963,543,1000,1234,1,False,4b66ecbc60b56f77c3310947d5e544240838dae142e4d4453f0afc0dbb364d0b,gemma3:27b,0e1f3521fa819f53d225295b028894f9f6879abf0ec1603c520f7d35bea81104,2026-10-07T07:57:13
gemma3:27b@b1,local,ja_gsd,boundary_f1,all,0.8094451003541913,0.794978009660653,0.8236362249384375,543,1000,1234,1,False,4b66ecbc60b56f77c3310947d5e544240838dae142e4d4453f0afc0dbb364d0b,gemma3:27b,0e1f3521fa819f53d225295b028894f9f6879abf0ec1603c520f7d35bea81104,2026-10-07T07:57:13
gemma3:27b@b1,local,ja_gsd,word_precision,all,0.7102124891587164,0.6932128919686076,0.7267346476015366,543,1000,1234,1,False,4b66ecbc60b56f77c3310947d5e544240838dae142e4d4453f0afc0dbb364d0b,gemma3:27b,0e1f3521fa819f53d225295b028894f9f6879abf0ec1603c520f7d35bea81104,2026-10-07T07:57:13
gemma3:27b@b1,local,ja_gsd,word_recall,all,0.5026085622218812,0.47871646234477344,0.5252356352783251,543,1000,1234,1,False,4b66ecbc60b56f77c3310947d5e544240838dae142e4d4453f0afc0dbb364d0b,gemma3:27b,0e1f3521fa819f53d225295b028894f9f6879abf0ec1603c520f7d35bea81104,2026-10-07T07:57:13
gemma3:27b@b1,local,ja_gsd,word_f1,all,0.5886422859196694,0.5683141363232824,0.6096271835885115,543,1000,1234,1,False,4b66ecbc60b56f77c3310947d5e544240838dae142e4d4453f0afc0dbb364d0b,gemma3:27b,0e1f3521fa819f53d225295b028894f9f6879abf0ec1603c520f7d35bea81104,2026-10-07T07:57:13
gemma3:27b@b1,local,ja_gsd,parse_rate,all,0.8987108655616943,,,543,1000,1234,1,False,4b66ecbc60b56f77c3310947d5e544240838dae142e4d4453f0afc0dbb364d0b,gemma3:27b,0e1f3521fa819f53d225295b028894f9f6879abf0ec1603c520f7d35bea81104,2026-10-07T07:57:13
gemma3:27b@b1,local,ja_gsd,word_recall,proper_noun,0.48881789137380194,0.4154732808616404,0.5640206376668314,543,1000,1234,1,False,4b66ecbc60b56f77c3310947d5e544240838dae142e4d4453f0afc0dbb364d0b,gemma3:27b,0e1f3521fa819f53d225295b028894f9f6879abf0ec1603c520f7d35bea81104,2026-10-07T07:57:13
gemma3:27b@b1,local,ja_gsd,word_recall,katakana,0.5613305613305614,0.505518811570432,0.6229313994023904,543,1000,1234,1,False,4b66ecbc60b56f77c3310947d5e544240838dae142e4d4453f0afc0dbb364d0b,gemma3:27b,0e1f3521fa819f53d225295b028894f9f6879abf0ec1603c520f7d35bea81104,2026-10-07T07:57:13
gemma3:27b@b1,local,ja_gsd,word_recall,other,0.5006535947712418,0.47508370351224144,0.5241667180258014,543,1000,1234,1,False,4b66ecbc60b56f77c3310947d5e544240838dae142e4d4453f0afc0dbb364d0b,gemma3:27b,0e1f3521fa819f53d225295b028894f9f6879abf0ec1603c520f7d35bea81104,2026-10-07T07:57:13
gemma3:27b@b1,local,ja_gsd,batch_parse_rate,all,0.8987108655616943,,,543,1000,1234,1,False,4b66ecbc60b56f77c3310947d5e544240838dae142e4d4453f0afc0dbb364d0b,gemma3:27b,0e1f3521fa819f53d225295b028894f9f6879abf0ec1603c520f7d35bea81104,2026-10-07T07:57:13
gemma3:27b@b1,local,ja_gsd,boundary_f1,pos0,0.8094451003541913,0.7945552512199004,0.8216192868196517,543,1000,1234,1,False,4b66ecbc60b56f77c3310947d5e544240838dae142e4d4453f0afc0dbb364d0b,gemma3:27b,0e1f3521fa819f53d225295b028894f9f6879abf0ec1603c520f7d35bea81104,2026-10-07T07:57:13
gemma3:27b@b1,local,ja_gsd,word_f1,pos0,0.5886422859196694,0.566201221826768,0.6107692669590471,543,1000,1234,1,False,4b66ecbc60b56f77c3310947d5e544240838dae142e4d4453f0afc0dbb364d0b,gemma3:27b,0e1f3521fa819f53d225295b028894f9f6879abf0ec1603c520f7d35bea81104,2026-10-07T07:57:13
gemma3:27b@b1@lem,local,ja_gsd,boundary_precision,all,0.989594828945294,0.9862201050635467,0.9926804472953831,543,1000,1234,1,True,3ed2e3d170afd5167bc4b714067329e24d6234b61e453b482106315359229a17,gemma3:27b,0e1f3521fa819f53d225295b028894f9f6879abf0ec1603c520f7d35bea81104,2026-10-07T07:57:13
gemma3:27b@b1@lem,local,ja_gsd,boundary_recall,all,0.5025218157073092,0.46368565566600883,0.5419430087448653,543,1000,1234,1,True,3ed2e3d170afd5167bc4b714067329e24d6234b61e453b482106315359229a17,gemma3:27b,0e1f3521fa819f53d225295b028894f9f6879abf0ec1603c520f7d35bea81104,2026-10-07T07:57:13
gemma3:27b@b1@lem,local,ja_gsd,boundary_f1,all,0.6665604757353721,0.6299256216527191,0.700647216000581,543,1000,1234,1,True,3ed2e3d170afd5167bc4b714067329e24d6234b61e453b482106315359229a17,gemma3:27b,0e1f3521fa819f53d225295b028894f9f6879abf0ec1603c520f7d35bea81104,2026-10-07T07:57:13
gemma3:27b@b1@lem,local,ja_gsd,word_precision,all,0.785107967237528,0.7739637772116444,0.7972382774290142,543,1000,1234,1,True,3ed2e3d170afd5167bc4b714067329e24d6234b61e453b482106315359229a17,gemma3:27b,0e1f3521fa819f53d225295b028894f9f6879abf0ec1603c520f7d35bea81104,2026-10-07T07:57:13
gemma3:27b@b1@lem,local,ja_gsd,word_recall,all,0.4044805892281725,0.37164429131697013,0.43776874171106234,543,1000,1234,1,True,3ed2e3d170afd5167bc4b714067329e24d6234b61e453b482106315359229a17,gemma3:27b,0e1f3521fa819f53d225295b028894f9f6879abf0ec1603c520f7d35bea81104,2026-10-07T07:57:13
gemma3:27b@b1@lem,local,ja_gsd,word_f1,all,0.5339004506557294,0.5040694475960955,0.562172827576507,543,1000,1234,1,True,3ed2e3d170afd5167bc4b714067329e24d6234b61e453b482106315359229a17,gemma3:27b,0e1f3521fa819f53d225295b028894f9f6879abf0ec1603c520f7d35bea81104,2026-10-07T07:57:13
gemma3:27b@b1@lem,local,ja_gsd,parse_rate,all,0.6850828729281768,,,543,1000,1234,1,True,3ed2e3d170afd5167bc4b714067329e24d6234b61e453b482106315359229a17,gemma3:27b,0e1f3521fa819f53d225295b028894f9f6879abf0ec1603c520f7d35bea81104,2026-10-07T07:57:13
gemma3:27b@b1@lem,local,ja_gsd,word_recall,proper_noun,0.46645367412140576,0.39444582612456747,0.5492345797379354,543,1000,1234,1,True,3ed2e3d170afd5167bc4b714067329e24d6234b61e453b482106315359229a17,gemma3:27b,0e1f3521fa819f53d225295b028894f9f6879abf0ec1603c520f7d35bea81104,2026-10-07T07:57:13
gemma3:27b@b1@lem,local,ja_gsd,word_recall,katakana,0.45114345114345117,0.3893911733427862,0.5156645859152118,543,1000,1234,1,True,3ed2e3d170afd5167bc4b714067329e24d6234b61e453b482106315359229a17,gemma3:27b,0e1f3521fa819f53d225295b028894f9f6879abf0ec1603c520f7d35bea81104,2026-10-07T07:57:13
gemma3:27b@b1@lem,local,ja_gsd,word_recall,other,0.401062091503268,0.3669076378077123,0.43484896258687994,543,1000,1234,1,True,3ed2e3d170afd5167bc4b714067329e24d6234b61e453b482106315359229a17,gemma3:27b,0e1f3521fa819f53d225295b028894f9f6879abf0ec1603c520f7d35bea81104,2026-10-07T07:57:13
gemma3:27b@b1@lem,local,ja_gsd,lemma_accuracy,all,0.828907435508346,0.8163276790766408,0.8413925553986294,543,1000,1234,1,True,3ed2e3d170afd5167bc4b714067329e24d6234b61e453b482106315359229a17,gemma3:27b,0e1f3521fa819f53d225295b028894f9f6879abf0ec1603c520f7d35bea81104,2026-10-07T07:57:13
gemma3:27b@b1@lem,local,ja_gsd,lemma_coverage,all,0.4044805892281725,0.37237865302207385,0.43770562010648795,543,1000,1234,1,True,3ed2e3d170afd5167bc4b714067329e24d6234b61e453b482106315359229a17,gemma3:27b,0e1f3521fa819f53d225295b028894f9f6879abf0ec1603c520f7d35bea81104,2026-10-07T07:57:13
gemma3:27b@b1@lem,local,ja_gsd,batch_parse_rate,all,0.6850828729281768,,,543,1000,1234,1,True,3ed2e3d170afd5167bc4b714067329e24d6234b61e453b482106315359229a17,gemma3:27b,0e1f3521fa819f53d225295b028894f9f6879abf0ec1603c520f7d35bea81104,2026-10-07T07:57:13
gemma3:27b@b1@lem,local,ja_gsd,boundary_f1,pos0,0.6665604757353721,0.6267022468248982,0.7012897776041858,543,1000,1234,1,True,3ed2e3d170afd5167bc4b714067329e24d6234b61e453b482106315359229a17,gemma3:27b,0e1f3521fa819f53d225295b028894f9f6879abf0ec1603c520f7d35bea81104,2026-10-07T07:57:13
gemma3:27b@b1@lem,local,ja_gsd,word_f1,pos0,0.5339004506557294,0.5032773569318457,0.564087046159786,543,1000,1234,1,True,3ed2e3d170afd5167bc4b714067329e24d6234b61e453b482106315359229a17,gemma3:27b,0e1f3521fa819f53d225295b028894f9f6879abf0ec1603c520f7d35bea81104,2026-10-07T07:57:13
gemma3:27b@b2,local,ja_gsd,boundary_precision,all,0.991459160351257,0.98793300029955,0.9947301648220542,543,1000,1234,2,False,4b66ecbc60b56f77c3310947d5e544240838dae142e4d4453f0afc0dbb364d0b,gemma3:27b,0e1f3521fa819f53d225295b028894f9f6879abf0ec1603c520f7d35bea81104,2026-10-07T07:57:13
gemma3:27b@b2,local,ja_gsd,boundary_recall,all,0.6598350812585061,0.6396624550938308,0.6786680298908243,543,1000,1234,2,False,4b66ecbc60b56f77c3310947d5e544240838dae142e4d4453f0afc0dbb364d0b,gemma3:27b,0e1f3521fa819f53d225295b028894f9f6879abf0ec1603c520f7d35bea81104,2026-10-07T07:57:13
gemma3:27b@b2,local,ja_gsd,boundary_f1,all,0.792347625456643,0.7782478688911761,0.8066706266352065,543,1000,1234,2,False,4b66ecbc60b56f77c3310947d5e544240838dae142e4d4453f0afc0dbb364d0b,gemma3:27b,0e1f3521fa819f53d225295b028894f9f6879abf0ec1603c520f7d35bea81104,2026-10-07T07:57:13
gemma3:27b@b2,local,ja_gsd,word_precision,all,0.6825934711397267,0.6644075838829684,0.6985247452331569,543,1000,1234,2,False,4b66ecbc60b56f77c3310947d5e544240838dae142e4d4453f0afc0dbb364d0b,gemma3:27b,0e1f3521fa819f53d225295b028894f9f6879abf0ec1603c520f7d35bea81104,2026-10-07T07:57:13
gemma3:27b@b2,local,ja_gsd,word_recall,all,0.463633573730244,0.43776568140437233,0.48777943466944773,543,1000,1234,2,False,4b66ecbc60b56f77c3310947d5e544240838dae142e4d4453f0afc0dbb364d0b,gemma3:27b,0e1f3521fa819f53d225295b028894f9f6879abf0ec1603c520f7d35bea81104,2026-10-07T07:57:13
gemma3:27b@b2,local,ja_gsd,word_f1,all,0.5521999360350893,0.5308666424084233,0.5748394028581973,543,1000,1234,2,False,4b66ecbc60b56f77c3310947d5e544240838dae142e4d4453f0afc0dbb364d0b,gemma3:27b,0e1f3521fa819f53d225295b028894f9f6879abf0ec1603c520f7d35bea81104,2026-10-07T07:57:13
gemma3:27b@b2,local,ja_gsd,parse_rate,all,0.9244935543278084,,,543,1000,1234,2,False,4b66ecbc60b56f77c3310947d5e544240838dae142e4d4453f0afc0dbb364d0b,gemma3:27b,0e1f3521fa819f53d225295b028894f9f6879abf0ec1603c520f7d35bea81104,2026-10-07T07:57:13
gemma3:27b@b2,local,ja_gsd,word_recall,proper_noun,0.3961661341853035,0.32554045201441206,0.4711358022181334,543,1000,1234,2,False,4b66ecbc60b56f77c3310947d5e544240838dae142e4d4453f0afc0dbb364d0b,gemma3:27b,0e1f3521fa819f53d225295b028894f9f6879abf0ec1603c520f7d35bea81104,2026-10-07T07:57:13
gemma3:27b@b2,local,ja_gsd,word_recall,katakana,0.498960498960499,0.43786911846501925,0.5597990324892499,543,1000,1234,2,False,4b66ecbc60b56f77c3310947d5e544240838dae142e4d4453f0afc0dbb364d0b,gemma3:27b,0e1f3521fa819f53d225295b028894f9f6879abf0ec1603c520f7d35bea81104,2026-10-07T07:57:13
gemma3:27b@b2,local,ja_gsd,word_recall,other,0.46397058823529413,0.439215256178043,0.4860623237624678,543,1000,1234,2,False,4b66ecbc60b56f77c3310947d5e544240838dae142e4d4453f0afc0dbb364d0b,gemma3:27b,0e1f3521fa819f53d225295b028894f9f6879abf0ec1603c520f7d35bea81104,2026-10-07T07:57:13
gemma3:27b@b2,local,ja_gsd,batch_parse_rate,all,0.8492647058823529,,,272,1000,1234,2,False,4b66ecbc60b56f77c3310947d5e544240838dae142e4d4453f0afc0dbb364d0b,gemma3:27b,0e1f3521fa819f53d225295b028894f9f6879abf0ec1603c520f7d35bea81104,2026-10-07T07:57:13
gemma3:27b@b2,local,ja_gsd,boundary_f1,pos0,0.7924602011915226,0.7722748128608643,0.8122719904997554,272,1000,1234,2,False,4b66ecbc60b56f77c3310947d5e544240838dae142e4d4453f0afc0dbb364d0b,gemma3:27b,0e1f3521fa819f53d225295b028894f9f6879abf0ec1603c520f7d35bea81104,2026-10-07T07:57:13
gemma3:27b@b2,local,ja_gsd,word_f1,pos0,0.5563491327335126,0.5212221226391125,0.5878540782505803,272,1000,1234,2,False,4b66ecbc60b56f77c3310947d5e544240838dae142e4d4453f0afc0dbb364d0b,gemma3:27b,0e1f3521fa819f53d225295b028894f9f6879abf0ec1603c520f7d35bea81104,2026-10-07T07:57:13
gemma3:27b@b2,local,ja_gsd,boundary_f1,pos1,0.7922385234264079,0.774330458845876,0.8102242516280231,271,1000,1234,2,False,4b66ecbc60b56f77c3310947d5e544240838dae142e4d4453f0afc0dbb364d0b,gemma3:27b,0e1f3521fa819f53d225295b028894f9f6879abf0ec1603c520f7d35bea81104,2026-10-07T07:57:13
gemma3:27b@b2,local,ja_gsd,word_f1,pos1,0.5481721591932289,0.5170851883274264,0.5786086360313566,271,1000,1234,2,False,4b66ecbc60b56f77c3310947d5e544240838dae142e4d4453f0afc0dbb364d0b,gemma3:27b,0e1f3521fa819f53d225295b028894f9f6879abf0ec1603c520f7d35bea81104,2026-10-07T07:57:13
gemma3:27b@b2@lem,local,ja_gsd,boundary_precision,all,0.9908443540183113,0.9878462879002993,0.9932459592879895,543,1000,1234,2,True,3ed2e3d170afd5167bc4b714067329e24d6234b61e453b482106315359229a17,gemma3:27b,0e1f3521fa819f53d225295b028894f9f6879abf0ec1603c520f7d35bea81104,2026-10-07T07:57:13
gemma3:27b@b2@lem,local,ja_gsd,boundary_recall,all,0.46785685693699464,0.42589022671977167,0.505632710350347,543,1000,1234,2,True,3ed2e3d170afd5167bc4b714067329e24d6234b61e453b482106315359229a17,gemma3:27b,0e1f3521fa819f53d225295b028894f9f6879abf0ec1603c520f7d35bea81104,2026-10-07T07:57:13
gemma3:27b@b2@lem,local,ja_gsd,boundary_f1,all,0.6355973679917343,0.5955063295293267,0.6736476875511659,543,1000,1234,2,True,3ed2e3d170afd5167bc4b714067329e24d6234b61e453b482106315359229a17,gemma3:27b,0e1f3521fa819f53d225295b028894f9f6879abf0ec1603c520f7d35bea81104,2026-10-07T07:57:13
gemma3:27b@b2@lem,local,ja_gsd,word_precision,all,0.7842542318748004,0.7721442770184672,0.796379261293496,543,1000,1234,2,True,3ed2e3d170afd5167bc4b714067329e24d6234b61e453b482106315359229a17,gemma3:27b,0e1f3521fa819f53d225295b028894f9f6879abf0ec1603c520f7d35bea81104,2026-10-07T07:57:13
gemma3:27b@b2@lem,local,ja_gsd,word_recall,all,0.37678379622525704,0.34380953918989055,0.41167606160418574,543,1000,1234,2,True,3ed2e3d170afd5167bc4b714067329e24d6234b61e453b482106315359229a17,gemma3:27b,0e1f3521fa819f53d225295b028894f9f6879abf0ec1603c520f7d35bea81104,2026-10-07T07:57:13
gemma3:27b@b2@lem,local,ja_gsd,word_f1,all,0.5090174129353234,0.4756414042309632,0.5389914283834842,543,1000,1234,2,True,3ed2e3d170afd5167bc4b714067329e24d6234b61e453b482106315359229a17,gemma3:27b,0e1f3521fa819f53d225295b028894f9f6879abf0ec1603c520f7d35bea81104,2026-10-07T07:57:13
gemma3:27b@b2@lem,local,ja_gsd,parse_rate,all,0.6703499079189686,,,543,1000,1234,2,True,3ed2e3d170afd5167bc4b714067329e24d6234b61e453b482106315359229a17,gemma3:27b,0e1f3521fa819f53d225295b028894f9f6879abf0ec1603c520f7d35bea81104,2026-10-07T07:57:13
gemma3:27b@b2@lem,local,ja_gsd,word_recall,proper_noun,0.3929712460063898,0.3178638823613188,0.46774755144217806,543,1000,1234,2,True,3ed2e3d170afd5167bc4b714067329e24d6234b61e453b482106315359229a17,gemma3:27b,0e1f3521fa819f53d225295b028894f9f6879abf0ec1603c520f7d35bea81104,2026-10-07T07:57:13
gemma3:27b@b2@lem,local,ja_gsd,word_recall,katakana,0.3970893970893971,0.3325431551186766,0.4613779766451109,543,1000,1234,2,True,3ed2e3d170afd5167bc4b714067329e24d6234b61e453b482106315359229a17,gemma3:27b,0e1f3521fa819f53d225295b028894f9f6879abf0ec1603c520f7d35bea81104,2026-10-07T07:57:13
gemma3:27b@b2@lem,local,ja_gsd,word_recall,other,0.3755718954248366,0.3423536457833974,0.40949411771524047,543,1000,1234,2,True,3ed2e3d170afd5167bc4b714067329e24d6234b61e453b482106315359229a17,gemma3:27b,0e1f3521fa819f53d225295b028894f9f6879abf0ec1603c520f7d35bea81104,2026-10-07T07:57:13
gemma3:27b@b2@lem,local,ja_gsd,lemma_accuracy,all,0.8320097739767868,0.8208445755415098,0.8426728870687022,543,1000,1234,2,True,3ed2e3d170afd5167bc4b714067329e24d6234b61e453b482106315359229a17,gemma3:27b,0e1f3521fa819f53d225295b028894f9f6879abf0ec1603c520f7d35bea81104,2026-10-07T07:57:13
gemma3:27b@b2@lem,local,ja_gsd,lemma_coverage,all,0.37678379622525704,0.3428713660570888,0.4090264724303331,543,1000,1234,2,True,3ed2e3d170afd5167bc4b714067329e24d6234b61e453b482106315359229a17,gemma3:27b,0e1f3521fa819f53d225295b028894f9f6879abf0ec1603c520f7d35bea81104,2026-10-07T07:57:13
gemma3:27b@b2@lem,local,ja_gsd,batch_parse_rate,all,0.46691176470588236,,,272,1000,1234,2,True,3ed2e3d170afd5167bc4b714067329e24d6234b61e453b482106315359229a17,gemma3:27b,0e1f3521fa819f53d225295b028894f9f6879abf0ec1603c520f7d35bea81104,2026-10-07T07:57:13
gemma3:27b@b2@lem,local,ja_gsd,boundary_f1,pos0,0.6253483446661464,0.5696849360228108,0.6738076984675638,272,1000,1234,2,True,3ed2e3d170afd5167bc4b714067329e24d6234b61e453b482106315359229a17,gemma3:27b,0e1f3521fa819f53d225295b028894f9f6879abf0ec1603c520f7d35bea81104,2026-10-07T07:57:13
gemma3:27b@b2@lem,local,ja_gsd,word_f1,pos0,0.5056299128956873,0.4628969322981244,0.5469125689197563,272,1000,1234,2,True,3ed2e3d170afd5167bc4b714067329e24d6234b61e453b482106315359229a17,gemma3:27b,0e1f3521fa819f53d225295b028894f9f6879abf0ec1603c520f7d35bea81104,2026-10-07T07:57:13
gemma3:27b@b2@lem,local,ja_gsd,boundary_f1,pos1,0.6453599490337651,0.5903910491421909,0.6973492423532499,271,1000,1234,2,True,3ed2e3d170afd5167bc4b714067329e24d6234b61e453b482106315359229a17,gemma3:27b,0e1f3521fa819f53d225295b028894f9f6879abf0ec1603c520f7d35bea81104,2026-10-07T07:57:13
gemma3:27b@b2@lem,local,ja_gsd,word_f1,pos1,0.5122444849220806,0.46911269119807275,0.5554714259895175,271,1000,1234,2,True,3ed2e3d170afd5167bc4b714067329e24d6234b61e453b482106315359229a17,gemma3:27b,0e1f3521fa819f53d225295b028894f9f6879abf0ec1603c520f7d35bea81104,2026-10-07T07:57:13
gemma3:27b@b4,local,ja_gsd,boundary_precision,all,0.9883861601742076,0.9848904066754925,0.9914621800052166,543,1000,1234,4,False,4b66ecbc60b56f77c3310947d5e544240838dae142e4d4453f0afc0dbb364d0b,gemma3:27b,0e1f3521fa819f53d225295b028894f9f6879abf0ec1603c520f7d35bea81104,2026-10-07T07:57:13
gemma3:27b@b4,local,ja_gsd,boundary_recall,all,0.6540709310703706,0.6365011952308045,0.6694267062122782,543,1000,1234,4,False,4b66ecbc60b56f77c3310947d5e544240838dae142e4d4453f0afc0dbb364d0b,gemma3:27b,0e1f3521fa819f53d225295b028894f9f6879abf0ec1603c520f7d35bea81104,2026-10-07T07:57:13
gemma3:27b@b4,local,ja_gsd,boundary_f1,all,0.7872043166160814,0.7751456207922302,0.7991081605253615,543,1000,1234,4,False,4b66ecbc60b56f77c3310947d5e544240838dae142e4d4453f0afc0dbb364d0b,gemma3:27b,0e1f3521fa819f53d225295b028894f9f6879abf0ec1603c520f7d35bea81104,2026-10-07T07:57:13
gemma3:27b@b4,local,ja_gsd,word_precision,all,0.6771081602542277,0.6610843273984826,0.6926420446177541,543,1000,1234,4,False,4b66ecbc60b56f77c3310947d5e544240838dae142e4d4453f0afc0dbb364d0b,gemma3:27b,0e1f3521fa819f53d225295b028894f9f6879abf0ec1603c520f7d35bea81104,2026-10-07T07:57:13
gemma3:27b@b4,local,ja_gsd,word_recall,all,0.4577259475218659,0.4355928972992425,0.4798903784344086,543,1000,1234,4,False,4b66ecbc60b56f77c3310947d5e544240838dae142e4d4453f0afc0dbb364d0b,gemma3:27b,0e1f3521fa819f53d225295b028894f9f6879abf0ec1603c520f7d35bea81104,2026-10-07T07:57:13
gemma3:27b@b4,local,ja_gsd,word_f1,all,0.5462119478141452,0.526108205272404,0.5673410893761551,543,1000,1234,4,False,4b66ecbc60b56f77c3310947d5e544240838dae142e4d4453f0afc0dbb364d0b,gemma3:27b,0e1f3521fa819f53d225295b028894f9f6879abf0ec1603c520f7d35bea81104,2026-10-07T07:57:13
gemma3:27b@b4,local,ja_gsd,parse_rate,all,0.9300184162062615,,,543,1000,1234,4,False,4b66ecbc60b56f77c3310947d5e544240838dae142e4d4453f0afc0dbb364d0b,gemma3:27b,0e1f3521fa819f53d225295b028894f9f6879abf0ec1603c520f7d35bea81104,2026-10-07T07:57:13
gemma3:27b@b4,local,ja_gsd,word_recall,proper_noun,0.43130990415335463,0.3605276239480225,0.5050695912614518,543,1000,1234,4,False,4b66ecbc60b56f77c3310947d5e544240838dae142e4d4453f0afc0dbb364d0b,gemma3:27b,0e1f3521fa819f53d225295b028894f9f6879abf0ec1603c520f7d35bea81104,2026-10-07T07:57:13
gemma3:27b@b4,local,ja_gsd,word_recall,katakana,0.4490644490644491,0.39399555984555984,0.5064116379310345,543,1000,1234,4,False,4b66ecbc60b56f77c3310947d5e544240838dae142e4d4453f0afc0dbb364d0b,gemma3:27b,0e1f3521fa819f53d225295b028894f9f6879abf0ec1603c520f7d35bea81104,2026-10-07T07:57:13
gemma3:27b@b4,local,ja_gsd,word_recall,other,0.45874183006535946,0.4384222935813921,0.4814034516071867,543,1000,1234,4,False,4b66ecbc60b56f77c3310947d5e544240838dae142e4d4453f0afc0dbb364d0b,gemma3:27b,0e1f3521fa819f53d225295b028894f9f6879abf0ec1603c520f7d35bea81104,2026-10-07T07:57:13
gemma3:27b@b4,local,ja_gsd,batch_parse_rate,all,0.7352941176470589,,,136,1000,1234,4,False,4b66ecbc60b56f77c3310947d5e544240838dae142e4d4453f0afc0dbb364d0b,gemma3:27b,0e1f3521fa819f53d225295b028894f9f6879abf0ec1603c520f7d35bea81104,2026-10-07T07:57:13
gemma3:27b@b4,local,ja_gsd,boundary_f1,pos0,0.7897068129086691,0.7619578842486449,0.8159231300249145,136,1000,1234,4,False,4b66ecbc60b56f77c3310947d5e544240838dae142e4d4453f0afc0dbb364d0b,gemma3:27b,0e1f3521fa819f53d225295b028894f9f6879abf0ec1603c520f7d35bea81104,2026-10-07T07:57:13
gemma3:27b@b4,local,ja_gsd,word_f1,pos0,0.5481747456612807,0.49847906497882616,0.5979020391888735,136,1000,1234,4,False,4b66ecbc60b56f77c3310947d5e544240838dae142e4d4453f0afc0dbb364d0b,gemma3:27b,0e1f3521fa819f53d225295b028894f9f6879abf0ec1603c520f7d35bea81104,2026-10-07T07:57:13
gemma3:27b@b4,local,ja_gsd,boundary_f1,pos1,0.7953348382242287,0.7709616212792807,0.8179941112701477,136,1000,1234,4,False,4b66ecbc60b56f77c3310947d5e544240838dae142e4d4453f0afc0dbb364d0b,gemma3:27b,0e1f3521fa819f53d225295b028894f9f6879abf0ec1603c520f7d35bea81104,2026-10-07T07:57:13
gemma3:27b@b4,local,ja_gsd,word_f1,pos1,0.5554760200429492,0.5112129220814681,0.5935733128720053,136,1000,1234,4,False,4b66ecbc60b56f77c3310947d5e544240838dae142e4d4453f0afc0dbb364d0b,gemma3:27b,0e1f3521fa819f53d225295b028894f9f6879abf0ec1603c520f7d35bea81104,2026-10-07T07:57:13
gemma3:27b@b4,local,ja_gsd,boundary_f1,pos2,0.7861842105263157,0.7634351142237419,0.8075834585531215,136,1000,1234,4,False,4b66ecbc60b56f77c3310947d5e544240838dae142e4d4453f0afc0dbb364d0b,gemma3:27b,0e1f3521fa819f53d225295b028894f9f6879abf0ec1603c520f7d35bea81104,2026-10-07T07:57:13
gemma3:27b@b4,local,ja_gsd,word_f1,pos2,0.5419422206752523,0.5053362777842607,0.5773145986580097,136,1000,1234,4,False,4b66ecbc60b56f77c3310947d5e544240838dae142e4d4453f0afc0dbb364d0b,gemma3:27b,0e1f3521fa819f53d225295b028894f9f6879abf0ec1603c520f7d35bea81104,2026-10-07T07:57:13
gemma3:27b@b4,local,ja_gsd,boundary_f1,pos3,0.7777352716143842,0.7529538407323682,0.803881872535289,135,1000,1234,4,False,4b66ecbc60b56f77c3310947d5e544240838dae142e4d4453f0afc0dbb364d0b,gemma3:27b,0e1f3521fa819f53d225295b028894f9f6879abf0ec1603c520f7d35bea81104,2026-10-07T07:57:13
gemma3:27b@b4,local,ja_gsd,word_f1,pos3,0.5394688977810113,0.4976897350547459,0.577283501603414,135,1000,1234,4,False,4b66ecbc60b56f77c3310947d5e544240838dae142e4d4453f0afc0dbb364d0b,gemma3:27b,0e1f3521fa819f53d225295b028894f9f6879abf0ec1603c520f7d35bea81104,2026-10-07T07:57:13
gemma3:27b@b4@lem,local,ja_gsd,boundary_precision,all,0.992563212692117,0.9900166183711665,0.9950194832587673,543,1000,1234,4,True,3ed2e3d170afd5167bc4b714067329e24d6234b61e453b482106315359229a17,gemma3:27b,0e1f3521fa819f53d225295b028894f9f6879abf0ec1603c520f7d35bea81104,2026-10-07T07:57:13
gemma3:27b@b4@lem,local,ja_gsd,boundary_recall,all,0.4808261948602994,0.4417721693167443,0.5230623623025539,543,1000,1234,4,True,3ed2e3d170afd5167bc4b714067329e24d6234b61e453b482106315359229a17,gemma3:27b,0e1f3521fa819f53d225295b028894f9f6879abf0ec1603c520f7d35bea81104,2026-10-07T07:57:13
gemma3:27b@b4@lem,local,ja_gsd,boundary_f1,all,0.6478265559270845,0.6116611051914922,0.6814626330683133,543,1000,1234,4,True,3ed2e3d170afd5167bc4b714067329e24d6234b61e453b482106315359229a17,gemma3:27b,0e1f3521fa819f53d225295b028894f9f6879abf0ec1603c520f7d35bea81104,2026-10-07T07:57:13
gemma3:27b@b4@lem,local,ja_gsd,word_precision,all,0.7777950794145126,0.7651275171814967,0.79053362867499,543,1000,1234,4,True,3ed2e3d170afd5167bc4b714067329e24d6234b61e453b482106315359229a17,gemma3:27b,0e1f3521fa819f53d225295b028894f9f6879abf0ec1603c520f7d35bea81104,2026-10-07T07:57:13
gemma3:27b@b4@lem,local,ja_gsd,word_recall,all,0.3832284793616695,0.3551310957019708,0.4147210870671202,543,1000,1234,4,True,3ed2e3d170afd5167bc4b714067329e24d6234b61e453b482106315359229a17,gemma3:27b,0e1f3521fa819f53d225295b028894f9f6879abf0ec1603c520f7d35bea81104,2026-10-07T07:57:13
gemma3:27b@b4@lem,local,ja_gsd,word_f1,all,0.5134662828947368,0.48495211153529494,0.5441250447113206,543,1000,1234,4,True,3ed2e3d170afd5167bc4b714067329e24d6234b61e453b482106315359229a17,gemma3:27b,0e1f3521fa819f53d225295b028894f9f6879abf0ec1603c520f7d35bea81104,2026-10-07T07:57:13
gemma3:27b@b4@lem,local,ja_gsd,parse_rate,all,0.6832412523020258,,,543,1000,1234,4,True,3ed2e3d170afd5167bc4b714067329e24d6234b61e453b482106315359229a17,gemma3:27b,0e1f3521fa819f53d225295b028894f9f6879abf0ec1603c520f7d35bea81104,2026-10-07T07:57:13
gemma3:27b@b4@lem,local,ja_gsd,word_recall,proper_noun,0.3769968051118211,0.3034330468834983,0.4508567589913187,543,1000,1234,4,True,3ed2e3d170afd5167bc4b714067329e24d6234b61e453b482106315359229a17,gemma3:27b,0e1f3521fa819f53d225295b028894f9f6879abf0ec1603c520f7d35bea81104,2026-10-07T07:57:13
gemma3:27b@b4@lem,local,ja_gsd,word_recall,katakana,0.41372141372141374,0.35449410587577335,0.47657841140529533,543,1000,1234,4,True,3ed2e3d170afd5167bc4b714067329e24d6234b61e453b482106315359229a17,gemma3:27b,0e1f3521fa819f53d225295b028894f9f6879abf0ec1603c520f7d35bea81104,2026-10-07T07:57:13
gemma3:27b@b4@lem,local,ja_gsd,word_recall,other,0.3821895424836601,0.3490179420271231,0.4128991726411461,543,1000,1234,4,True,3ed2e3d170afd5167bc4b714067329e24d6234b61e453b482106315359229a17,gemma3:27b,0e1f3521fa819f53d225295b028894f9f6879abf0ec1603c520f7d35bea81104,2026-10-07T07:57:13
gemma3:27b@b4@lem,local,ja_gsd,lemma_accuracy,all,0.8196196196196196,0.8064880664853301,0.831617150757609,543,1000,1234,4,True,3ed2e3d170afd5167bc4b714067329e24d6234b61e453b482106315359229a17,gemma3:27b,0e1f3521fa819f53d225295b028894f9f6879abf0ec1603c520f7d35bea81104,2026-10-07T07:57:13
gemma3:27b@b4@lem,local,ja_gsd,lemma_coverage,all,0.3832284793616695,0.35317436670089924,0.4162244131207691,543,1000,1234,4,True,3ed2e3d170afd5167bc4b714067329e24d6234b61e453b482106315359229a17,gemma3:27b,0e1f3521fa819f53d225295b028894f9f6879abf0ec1603c520f7d35bea81104,2026-10-07T07:57:13
gemma3:27b@b4@lem,local,ja_gsd,batch_parse_rate,all,0.3088235294117647,,,136,1000,1234,4,True,3ed2e3d170afd5167bc4b714067329e24d6234b61e453b482106315359229a17,gemma3:27b,0e1f3521fa819f53d225295b028894f9f6879abf0ec1603c520f7d35bea81104,2026-10-07T07:57:13
gemma3:27b@b4@lem,local,ja_gsd,boundary_f1,pos0,0.6442444339175747,0.5656835322443081,0.7158247248646535,136,1000,1234,4,True,3ed2e3d170afd5167bc4b714067329e24d6234b61e453b482106315359229a17,gemma3:27b,0e1f3521fa819f53d225295b028894f9f6879abf0ec1603c520f7d35bea81104,2026-10-07T07:57:13
gemma3:27b@b4@lem,local,ja_gsd,word_f1,pos0,0.5291076646437401,0.46272695825064636,0.5903174404282029,136,1000,1234,4,True,3ed2e3d170afd5167bc4b714067329e24d6234b61e453b482106315359229a17,gemma3:27b,0e1f3521fa819f53d225295b028894f9f6879abf0ec1603c520f7d35bea81104,2026-10-07T07:57:13
gemma3:27b@b4@lem,local,ja_gsd,boundary_f1,pos1,0.6588579795021962,0.5848779806578523,0.7249360878553892,136,1000,1234,4,True,3ed2e3d170afd5167bc4b714067329e24d6234b61e453b482106315359229a17,gemma3:27b,0e1f3521fa819f53d225295b028894f9f6879abf0ec1603c520f7d35bea81104,2026-10-07T07:57:13
gemma3:27b@b4@lem,local,ja_gsd,word_f1,pos1,0.5229540918163673,0.4635676673298286,0.5778936645736092,136,1000,1234,4,True,3ed2e3d170afd5167bc4b714067329e24d6234b61e453b482106315359229a17,gemma3:27b,0e1f3521fa819f53d225295b028894f9f6879abf0ec1603c520f7d35bea81104,2026-10-07T07:57:13
gemma3:27b@b4@lem,local,ja_gsd,boundary_f1,pos2,0.6677438901232075,0.6056802008384833,0.7289744468407893,136,1000,1234,4,True,3ed2e3d170afd5167bc4b714067329e24d6234b61e453b482106315359229a17,gemma3:27b,0e1f3521fa819f53d225295b028894f9f6879abf0ec1603c520f7d35bea81104,2026-10-07T07:57:13
gemma3:27b@b4@lem,local,ja_gsd,word_f1,pos2,0.5241219606329602,0.46675702823462106,0.5762015892170806,136,1000,1234,4,True,3ed2e3d170afd5167bc4b714067329e24d6234b61e453b482106315359229a17,gemma3:27b,0e1f3521fa819f53d225295b028894f9f6879abf0ec1603c520f7d35bea81104,2026-10-07T07:57:13
gemma3:27b@b4@lem,local,ja_gsd,boundary_f1,pos3,0.6181342632955535,0.5369750543776256,0.6884804805721433,135,1000,1234,4,True,3ed2e3d170afd5167bc4b714067329e24d6234b61e453b482106315359229a17,gemma3:27b,0e1f3521fa819f53d225295b028894f9f6879abf0ec1603c520f7d35bea81104,2026-10-07T07:57:13
gemma3:27b@b4@lem,local,ja_gsd,word_f1,pos3,0.47767393561786076,0.42135479722064273,0.5352918033460617,135,1000,1234,4,True,3ed2e3d170afd5167bc4b714067329e24d6234b61e453b482106315359229a17,gemma3:27b,0e1f3521fa819f53d225295b028894f9f6879abf0ec1603c520f7d35bea81104,2026-10-07T07:57:13
gemma3:27b@b8,local,ja_gsd,boundary_precision,all,0.9936139710673791,0.9912012012140043,0.9958637873754153,543,1000,1234,8,False,4b66ecbc60b56f77c3310947d5e544240838dae142e4d4453f0afc0dbb364d0b,gemma3:27b,0e1f3521fa819f53d225295b028894f9f6879abf0ec1603c520f7d35bea81104,2026-10-07T07:57:13
gemma3:27b@b8,local,ja_gsd,boundary_recall,all,0.6103594588103435,0.5909141488938832,0.6287104821128288,543,1000,1234,8,False,4b66ecbc60b56f77c3310947d5e544240838dae142e4d4453f0afc0dbb364d0b,gemma3:27b,0e1f3521fa819f53d225295b028894f9f6879abf0ec1603c520f7d35bea81104,2026-10-07T07:57:13
gemma3:27b@b8,local,ja_gsd,boundary_f1,all,0.7561991668319777,0.7416516499075391,0.7697921073319277,543,1000,1234,8,False,4b66ecbc60b56f77c3310947d5e544240838dae142e4d4453f0afc0dbb364d0b,gemma3:27b,0e1f3521fa819f53d225295b028894f9f6879abf0ec1603c520f7d35bea81104,2026-10-07T07:57:13
gemma3:27b@b8,local,ja_gsd,word_precision,all,0.6407010710808179,0.6227641873250498,0.6584620351555466,543,1000,1234,8,False,4b66ecbc60b56f77c3310947d5e544240838dae142e4d4453f0afc0dbb364d0b,gemma3:27b,0e1f3521fa819f53d225295b028894f9f6879abf0ec1603c520f7d35bea81104,2026-10-07T07:57:13
gemma3:27b@b8,local,ja_gsd,word_recall,all,0.4038668098818475,0.38121037467882973,0.42706187763129194,543,1000,1234,8,False,4b66ecbc60b56f77c3310947d5e544240838dae142e4d4453f0afc0dbb364d0b,gemma3:27b,0e1f3521fa819f53d225295b028894f9f6879abf0ec1603c520f7d35bea81104,2026-10-07T07:57:13
gemma3:27b@b8,local,ja_gsd,word_f1,all,0.4954352941176471,0.47275837611048466,0.5178991259717607,543,1000,1234,8,False,4b66ecbc60b56f77c3310947d5e544240838dae142e4d4453f0afc0dbb364d0b,gemma3:27b,0e1f3521fa819f53d225295b028894f9f6879abf0ec1603c520f7d35bea81104,2026-10-07T07:57:13
gemma3:27b@b8,local,ja_gsd,parse_rate,all,0.9116022099447514,,,543,1000,1234,8,False,4b66ecbc60b56f77c3310947d5e544240838dae142e4d4453f0afc0dbb364d0b,gemma3:27b,0e1f3521fa819f53d225295b028894f9f6879abf0ec1603c520f7d35bea81104,2026-10-07T07:57:13
gemma3:27b@b8,local,ja_gsd,word_recall,proper_noun,0.3450479233226837,0.27775297619047623,0.4134622434017595,543,1000,1234,8,False,4b66ecbc60b56f77c3310947d5e544240838dae142e4d4453f0afc0dbb364d0b,gemma3:27b,0e1f3521fa819f53d225295b028894f9f6879abf0ec1603c520f7d35bea81104,2026-10-07T07:57:13
gemma3:27b@b8,local,ja_gsd,word_recall,katakana,0.4365904365904366,0.38257332944832945,0.49580005555941387,543,1000,1234,8,False,4b66ecbc60b56f77c3310947d5e544240838dae142e4d4453f0afc0dbb364d0b,gemma3:27b,0e1f3521fa819f53d225295b028894f9f6879abf0ec1603c520f7d35bea81104,2026-10-07T07:57:13
gemma3:27b@b8,local,ja_gsd,word_recall,other,0.40408496732026145,0.38305595531654196,0.4249405092040182,543,1000,1234,8,False,4b66ecbc60b56f77c3310947d5e544240838dae142e4d4453f0afc0dbb364d0b,gemma3:27b,0e1f3521fa819f53d225295b028894f9f6879abf0ec1603c520f7d35bea81104,2026-10-07T07:57:13
gemma3:27b@b8,local,ja_gsd,batch_parse_rate,all,0.4852941176470588,,,68,1000,1234,8,False,4b66ecbc60b56f77c3310947d5e544240838dae142e4d4453f0afc0dbb364d0b,gemma3:27b,0e1f3521fa819f53d225295b028894f9f6879abf0ec1603c520f7d35bea81104,2026-10-07T07:57:13
gemma3:27b@b8,local,ja_gsd,boundary_f1,pos0,0.7525562372188139,0.7084099553627562,0.7977114589390828,68,1000,1234,8,False,4b66ecbc60b56f77c3310947d5e544240838dae142e4d4453f0afc0dbb364d0b,gemma3:27b,0e1f3521fa819f53d225295b028894f9f6879abf0ec1603c520f7d35bea81104,2026-10-07T07:57:13
gemma3:27b@b8,local,ja_gsd,word_f1,pos0,0.48508330104610625,0.41014984425448653,0.561117227717098,68,1000,1234,8,False,4b66ecbc60b56f77c3310947d5e544240838dae142e4d4453f0afc0dbb364d0b,gemma3:27b,0e1f3521fa819f53d225295b028894f9f6879abf0ec1603c520f7d35bea81104,2026-10-07T07:57:13
gemma3:27b@b8,local,ja_gsd,boundary_f1,pos1,0.7714612743227776,0.7295473557022029,0.811635303328658,68,1000,1234,8,False,4b66ecbc60b56f77c3310947d5e544240838dae142e4d4453f0afc0dbb364d0b,gemma3:27b,0e1f3521fa819f53d225295b028894f9f6879abf0ec1603c520f7d35bea81104,2026-10-07T07:57:13
gemma3:27b@b8,local,ja_gsd,word_f1,pos1,0.51215088864708,0.4404651342737664,0.5777856988550444,68,1000,1234,8,False,4b66ecbc60b56f77c3310947d5e544240838dae142e4d4453f0afc0dbb364d0b,gemma3:27b,0e1f3521fa819f53d225295b028894f9f6879abf0ec1603c520f7d35bea81104,2026-10-07T07:57:13
gemma3:27b@b8,local,ja_gsd,boundary_f1,pos2,0.7763253449527959,0.7427292759823715,0.8089838918595524,68,1000,1234,8,False,4b66ecbc60b56f77c3310947d5e544240838dae142e4d4453f0afc0dbb364d0b,gemma3:27b,0e1f3521fa819f53d225295b028894f9f6879abf0ec1603c520f7d35bea81104,2026-10-07T07:57:13
gemma3:27b@b8,local,ja_gsd,word_f1,pos2,0.5190311418685121,0.46265539617486334,0.5670037490474634,68,1000,1234,8,False,4b66ecbc60b56f77c3310947d5e544240838dae142e4d4453f0afc0dbb364d0b,gemma3:27b,0e1f3521fa819f53d225295b028894f9f6879abf0ec1603c520f7d35bea81104,2026-10-07T07:57:13
gemma3:27b@b8,local,ja_gsd,boundary_f1,pos3,0.7650951199338297,0.7209298590189585,0.8011257865819743,68,1000,1234,8,False,4b66ecbc60b56f77c3310947d5e544240838dae142e4d4453f0afc0dbb364d0b,gemma3:27b,0e1f3521fa819f53d225295b028894f9f6879abf0ec1603c520f7d35bea81104,2026-10-07T07:57:13
gemma3:27b@b8,local,ja_gsd,word_f1,pos3,0.5082223962411903,0.4374501144358735,0.5707536974196172,68,1000,1234,8,False,4b66ecbc60b56f77c3310947d5e544240838dae142e4d4453f0afc0dbb364d0b,gemma3:27b,0e1f3521fa819f53d225295b028894f9f6879abf0ec1603c520f7d35bea81104,2026-10-07T07:57:13
gemma3:27b@b8,local,ja_gsd,boundary_f1,pos4,0.7473143390938813,0.7068959471876964,0.7843001860152027,68,1000,1234,8,False,4b66ecbc60b56f77c3310947d5e544240838dae142e4d4453f0afc0dbb364d0b,gemma3:27b,0e1f3521fa819f53d225295b028894f9f6879abf0ec1603c520f7d35bea81104,2026-10-07T07:57:13
gemma3:27b@b8,local,ja_gsd,word_f1,pos4,0.4901185770750988,0.43087502415564655,0.5534234065341238,68,1000,1234,8,False,4b66ecbc60b56f77c3310947d5e544240838dae142e4d4453f0afc0dbb364d0b,gemma3:27b,0e1f3521fa819f53d225295b028894f9f6879abf0ec1603c520f7d35bea81104,2026-10-07T07:57:13
gemma3:27b@b8,local,ja_gsd,boundary_f1,pos5,0.7499999999999999,0.7023308855360836,0.7906990028736396,68,1000,1234,8,False,4b66ecbc60b56f77c3310947d5e544240838dae142e4d4453f0afc0dbb364d0b,gemma3:27b,0e1f3521fa819f53d225295b028894f9f6879abf0ec1603c520f7d35bea81104,2026-10-07T07:57:13
gemma3:27b@b8,local,ja_gsd,word_f1,pos5,0.49925373134328355,0.43002193309965353,0.564418032669846,68,1000,1234,8,False,4b66ecbc60b56f77c3310947d5e544240838dae142e4d4453f0afc0dbb364d0b,gemma3:27b,0e1f3521fa819f53d225295b028894f9f6879abf0ec1603c520f7d35bea81104,2026-10-07T07:57:13
gemma3:27b@b8,local,ja_gsd,boundary_f1,pos6,0.7530864197530863,0.7106744711468524,0.7897858280955101,68,1000,1234,8,False,4b66ecbc60b56f77c3310947d5e544240838dae142e4d4453f0afc0dbb364d0b,gemma3:27b,0e1f3521fa819f53d225295b028894f9f6879abf0ec1603c520f7d35bea81104,2026-10-07T07:57:13
gemma3:27b@b8,local,ja_gsd,word_f1,pos6,0.48973607038123174,0.4249479018775189,0.5558843246604358,68,1000,1234,8,False,4b66ecbc60b56f77c3310947d5e544240838dae142e4d4453f0afc0dbb364d0b,gemma3:27b,0e1f3521fa819f53d225295b028894f9f6879abf0ec1603c520f7d35bea81104,2026-10-07T07:57:13
gemma3:27b@b8,local,ja_gsd,boundary_f1,pos7,0.7315968289920726,0.6977027596488484,0.7608883329854882,67,1000,1234,8,False,4b66ecbc60b56f77c3310947d5e544240838dae142e4d4453f0afc0dbb364d0b,gemma3:27b,0e1f3521fa819f53d225295b028894f9f6879abf0ec1603c520f7d35bea81104,2026-10-07T07:57:13
gemma3:27b@b8,local,ja_gsd,word_f1,pos7,0.458498023715415,0.41526166394903496,0.5047153952190431,67,1000,1234,8,False,4b66ecbc60b56f77c3310947d5e544240838dae142e4d4453f0afc0dbb364d0b,gemma3:27b,0e1f3521fa819f53d225295b028894f9f6879abf0ec1603c520f7d35bea81104,2026-10-07T07:57:13
gemma3:27b@b8@lem,local,ja_gsd,boundary_precision,all,0.9923968139029689,0.9899764177859586,0.994760235927999,543,1000,1234,8,True,3ed2e3d170afd5167bc4b714067329e24d6234b61e453b482106315359229a17,gemma3:27b,0e1f3521fa819f53d225295b028894f9f6879abf0ec1603c520f7d35bea81104,2026-10-07T07:57:13
gemma3:27b@b8@lem,local,ja_gsd,boundary_recall,all,0.43887599071331357,0.3976359186049712,0.47818017803678914,543,1000,1234,8,True,3ed2e3d170afd5167bc4b714067329e24d6234b61e453b482106315359229a17,gemma3:27b,0e1f3521fa819f53d225295b028894f9f6879abf0ec1603c520f7d35bea81104,2026-10-07T07:57:13
gemma3:27b@b8@lem,local,ja_gsd,boundary_f1,all,0.6086039411601443,0.5700194417843685,0.6482612938258707,543,1000,1234,8,True,3ed2e3d170afd5167bc4b714067329e24d6234b61e453b482106315359229a17,gemma3:27b,0e1f3521fa819f53d225295b028894f9f6879abf0ec1603c520f7d35bea81104,2026-10-07T07:57:13
gemma3:27b@b8@lem,local,ja_gsd,word_precision,all,0.7712585034013606,0.7580397959337125,0.7842981881639678,543,1000,1234,8,True,3ed2e3d170afd5167bc4b714067329e24d6234b61e453b482106315359229a17,gemma3:27b,0e1f3521fa819f53d225295b028894f9f6879abf0ec1603c520f7d35bea81104,2026-10-07T07:57:13
gemma3:27b@b8@lem,local,ja_gsd,word_recall,all,0.3479361669479822,0.3171434022809444,0.3796551544295416,543,1000,1234,8,True,3ed2e3d170afd5167bc4b714067329e24d6234b61e453b482106315359229a17,gemma3:27b,0e1f3521fa819f53d225295b028894f9f6879abf0ec1603c520f7d35bea81104,2026-10-07T07:57:13
gemma3:27b@b8@lem,local,ja_gsd,word_f1,all,0.4795389658454055,0.44938739103507785,0.5082445930821305,543,1000,1234,8,True,3ed2e3d170afd5167bc4b714067329e24d6234b61e453b482106315359229a17,gemma3:27b,0e1f3521fa819f53d225295b028894f9f6879abf0ec1603c520f7d35bea81104,2026-10-07T07:57:13
gemma3:27b@b8@lem,local,ja_gsd,parse_rate,all,0.6556169429097606,,,543,1000,1234,8,True,3ed2e3d170afd5167bc4b714067329e24d6234b61e453b482106315359229a17,gemma3:27b,0e1f3521fa819f53d225295b028894f9f6879abf0ec1603c520f7d35bea81104,2026-10-07T07:57:13
gemma3:27b@b8@lem,local,ja_gsd,word_recall,proper_noun,0.2715654952076677,0.20700096327750256,0.33871508984628707,543,1000,1234,8,True,3ed2e3d170afd5167bc4b714067329e24d6234b61e453b482106315359229a17,gemma3:27b,0e1f3521fa819f53d225295b028894f9f6879abf0ec1603c520f7d35bea81104,2026-10-07T07:57:13
gemma3:27b@b8@lem,local,ja_gsd,word_recall,katakana,0.3492723492723493,0.29524305808117546,0.40901179269156795,543,1000,1234,8,True,3ed2e3d170afd5167bc4b714067329e24d6234b61e453b482106315359229a17,gemma3:27b,0e1f3521fa819f53d225295b028894f9f6879abf0ec1603c520f7d35bea81104,2026-10-07T07:57:13
gemma3:27b@b8@lem,local,ja_gsd,word_recall,other,0.3498366013071895,0.3194775889856231,0.38242638379248955,543,1000,1234,8,True,3ed2e3d170afd5167bc4b714067329e24d6234b61e453b482106315359229a17,gemma3:27b,0e1f3521fa819f53d225295b028894f9f6879abf0ec1603c520f7d35bea81104,2026-10-07T07:57:13
gemma3:27b@b8@lem,local,ja_gsd,lemma_accuracy,all,0.8302094818081588,0.8182244713130788,0.8419848687198708,543,1000,1234,8,True,3ed2e3d170afd5167bc4b714067329e24d6234b61e453b482106315359229a17,gemma3:27b,0e1f3521fa819f53d225295b028894f9f6879abf0ec1603c520f7d35bea81104,2026-10-07T07:57:13
gemma3:27b@b8@lem,local,ja_gsd,lemma_coverage,all,0.3479361669479822,0.316480824592081,0.37680017805811444,543,1000,1234,8,True,3ed2e3d170afd5167bc4b714067329e24d6234b61e453b482106315359229a17,gemma3:27b,0e1f3521fa819f53d225295b028894f9f6879abf0ec1603c520f7d35bea81104,2026-10-07T07:57:13
gemma3:27b@b8@lem,local,ja_gsd,batch_parse_rate,all,0.11764705882352941,,,68,1000,1234,8,True,3ed2e3d170afd5167bc4b714067329e24d6234b61e453b482106315359229a17,gemma3:27b,0e1f3521fa819f53d225295b028894f9f6879abf0ec1603c520f7d35bea81104,2026-10-07T07:57:13
gemma3:27b@b8@lem,local,ja_gsd,boundary_f1,pos0,0.6359570661896243,0.5022612064238952,0.7368514661486978,68,1000,1234,8,True,3ed2e3d170afd5167bc4b714067329e24d6234b61e453b482106315359229a17,gemma3:27b,0e1f3521fa819f53d225295b028894f9f6879abf0ec1603c520f7d35bea81104,2026-10-07T07:57:13
gemma3:27b@b8@lem,local,ja_gsd,word_f1,pos0,0.5261813537675607,0.4255402693344925,0.6201360989640576,68,1000,1234,8,True,3ed2e3d170afd5167bc4b714067329e24d6234b61e453b482106315359229a17,gemma3:27b,0e1f3521fa819f53d225295b028894f9f6879abf0ec1603c520f7d35bea81104,2026-10-07T07:57:13
gemma3:27b@b8@lem,local,ja_gsd,boundary_f1,pos1,0.5970409051348999,0.4769072556776367,0.7080197414044361,68,1000,1234,8,True,3ed2e3d170afd5167bc4b714067329e24d6234b61e453b482106315359229a17,gemma3:27b,0e1f3521fa819f53d225295b028894f9f6879abf0ec1603c520f7d35bea81104,2026-10-07T07:57:13
gemma3:27b@b8@lem,local,ja_gsd,word_f1,pos1,0.47923588039867115,0.3852946277316145,0.5634616871138699,68,1000,1234,8,True,3ed2e3d170afd5167bc4b714067329e24d6234b61e453b482106315359229a17,gemma3:27b,0e1f3521fa819f53d225295b028894f9f6879abf0ec1603c520f7d35bea81104,2026-10-07T07:57:13
gemma3:27b@b8@lem,local,ja_gsd,boundary_f1,pos2,0.5990821860659158,0.493752866137542,0.6908354784046441,68,1000,1234,8,True,3ed2e3d170afd5167bc4b714067329e24d6234b61e453b482106315359229a17,gemma3:27b,0e1f3521fa819f53d225295b028894f9f6879abf0ec1603c520f7d35bea81104,2026-10-07T07:57:13
gemma3:27b@b8@lem,local,ja_gsd,word_f1,pos2,0.4722776226565616,0.3845580514027663,0.5523924206634486,68,1000,1234,8,True,3ed2e3d170afd5167bc4b714067329e24d6234b61e453b482106315359229a17,gemma3:27b,0e1f3521fa819f53d225295b028894f9f6879abf0ec1603c520f7d35bea81104,2026-10-07T07:57:13
gemma3:27b@b8@lem,local,ja_gsd,boundary_f1,pos3,0.573346116970278,0.4607669447209705,0.6708456408879342,68,1000,1234,8,True,3ed2e3d170afd5167bc4b714067329e24d6234b61e453b482106315359229a17,gemma3:27b,0e1f3521fa819f53d225295b028894f9f6879abf0ec1603c520f7d35bea81104,2026-10-07T07:57:13
gemma3:27b@b8@lem,local,ja_gsd,word_f1,pos3,0.45102505694760825,0.36586583515701565,0.5336173695244663,68,1000,1234,8,True,3ed2e3d170afd5167bc4b714067329e24d6234b61e453b482106315359229a17,gemma3:27b,0e1f3521fa819f53d225295b028894f9f6879abf0ec1603c520f7d35bea81104,2026-10-07T07:57:13
gemma3:27b@b8@lem,local,ja_gsd,boundary_f1,pos4,0.6613306653326664,0.5665089335788281,0.7454332489451477,68,1000,1234,8,True,3ed2e3d170afd5167bc4b714067329e24d6234b61e453b482106315359229a17,gemma3:27b,0e1f3521fa819f53d225295b028894f9f6879abf0ec1603c520f7d35bea81104,2026-10-07T07:57:13
gemma3:27b@b8@lem,local,ja_gsd,word_f1,pos4,0.52202747513027,0.4438510224057386,0.5933767115392005,68,1000,1234,8,True,3ed2e3d170afd5167bc4b714067329e24d6234b61e453b482106315359229a17,gemma3:27b,0e1f3521fa819f53d225295b028894f9f6879abf0ec1603c520f7d35bea81104,2026-10-07T07:57:13
gemma3:27b@b8@lem,local,ja_gsd,boundary_f1,pos5,0.6134380453752182,0.5061345277020376,0.7103386750250161,68,1000,1234,8,True,3ed2e3d170afd5167bc4b714067329e24d6234b61e453b482106315359229a17,gemma3:27b,0e1f3521fa819f53d225295b028894f9f6879abf0ec1603c520f7d35bea81104,2026-10-07T07:57:13
gemma3:27b@b8@lem,local,ja_gsd,word_f1,pos5,0.4786040714582468,0.38803130101047895,0.5633057770590532,68,1000,1234,8,True,3ed2e3d170afd5167bc4b714067329e24d6234b61e453b482106315359229a17,gemma3:27b,0e1f3521fa819f53d225295b028894f9f6879abf0ec1603c520f7d35bea81104,2026-10-07T07:57:13
gemma3:27b@b8@lem,local,ja_gsd,boundary_f1,pos6,0.6575569358178054,0.566851941162286,0.7410064366713333,68,1000,1234,8,True,3ed2e3d170afd5167bc4b714067329e24d6234b61e453b482106315359229a17,gemma3:27b,0e1f3521fa819f53d225295b028894f9f6879abf0ec1603c520f7d35bea81104,2026-10-07T07:57:13
gemma3:27b@b8@lem,local,ja_gsd,word_f1,pos6,0.5114443567482241,0.43785333305826973,0.5892717595418512,68,1000,1234,8,True,3ed2e3d170afd5167bc4b714067329e24d6234b61e453b482106315359229a17,gemma3:27b,0e1f3521fa819f53d225295b028894f9f6879abf0ec1603c520f7d35bea81104,2026-10-07T07:57:13
gemma3:27b@b8@lem,local,ja_gsd,boundary_f1,pos7,0.5331588132635252,0.40633622249048906,0.6573312790273099,67,1000,1234,8,True,3ed2e3d170afd5167bc4b714067329e24d6234b61e453b482106315359229a17,gemma3:27b,0e1f3521fa819f53d225295b028894f9f6879abf0ec1603c520f7d35bea81104,2026-10-07T07:57:13
gemma3:27b@b8@lem,local,ja_gsd,word_f1,pos7,0.39783603828547653,0.300490501083024,0.4956445306611911,67,1000,1234,8,True,3ed2e3d170afd5167bc4b714067329e24d6234b61e453b482106315359229a17,gemma3:27b,0e1f3521fa819f53d225295b028894f9f6879abf0ec1603c520f7d35bea81104,2026-10-07T07:57:13
gemma3:27b@lem,local,ja_gsd,boundary_precision,all,0.9895073804019207,0.9863304317692516,0.9924771281780846,543,1000,1234,1,True,cdb0c645f95239e3822e498025881fa1b5b96cda41087228a270b92cceead11e,gemma3:27b,0e1f3521fa819f53d225295b028894f9f6879abf0ec1603c520f7d35bea81104,2026-10-07T07:57:13
gemma3:27b@lem,local,ja_gsd,boundary_recall,all,0.44544071731646784,0.4087348804069059,0.48331756530939224,543,1000,1234,1,True,cdb0c645f95239e3822e498025881fa1b5b96cda41087228a270b92cceead11e,gemma3:27b,0e1f3521fa819f53d225295b028894f9f6879abf0ec1603c520f7d35bea81104,2026-10-07T07:57:13
gemma3:27b@lem,local,ja_gsd,boundary_f1,all,0.6143314563321188,0.5746619523027978,0.6522722177366009,543,1000,1234,1,True,cdb0c645f95239e3822e498025881fa1b5b96cda41087228a270b92cceead11e,gemma3:27b,0e1f3521fa819f53d225295b028894f9f6879abf0ec1603c520f7d35bea81104,2026-10-07T07:57:13
gemma3:27b@lem,local,ja_gsd,word_precision,all,0.7838336407848399,0.7716097589725489,0.7958515956290271,543,1000,1234,1,True,cdb0c645f95239e3822e498025881fa1b5b96cda41087228a270b92cceead11e,gemma3:27b,0e1f3521fa819f53d225295b028894f9f6879abf0ec1603c520f7d35bea81104,2026-10-07T07:57:13
gemma3:27b@lem,local,ja_gsd,word_recall,all,0.358600583090379,0.32570684046644394,0.3925634222887483,543,1000,1234,1,True,cdb0c645f95239e3822e498025881fa1b5b96cda41087228a270b92cceead11e,gemma3:27b,0e1f3521fa819f53d225295b028894f9f6879abf0ec1603c520f7d35bea81104,2026-10-07T07:57:13
gemma3:27b@lem,local,ja_gsd,word_f1,all,0.4920776964783913,0.46028493101270934,0.52162641974046,543,1000,1234,1,True,cdb0c645f95239e3822e498025881fa1b5b96cda41087228a270b92cceead11e,gemma3:27b,0e1f3521fa819f53d225295b028894f9f6879abf0ec1603c520f7d35bea81104,2026-10-07T07:57:13
gemma3:27b@lem,local,ja_gsd,parse_rate,all,0.6261510128913443,,,543,1000,1234,1,True,cdb0c645f95239e3822e498025881fa1b5b96cda41087228a270b92cceead11e,gemma3:27b,0e1f3521fa819f53d225295b028894f9f6879abf0ec1603c520f7d35bea81104,2026-10-07T07:57:13
gemma3:27b@lem,local,ja_gsd,word_recall,proper_noun,0.38977635782747605,0.3137213359920239,0.46856907469630393,543,1000,1234,1,True,cdb0c645f95239e3822e498025881fa1b5b96cda41087228a270b92cceead11e,gemma3:27b,0e1f3521fa819f53d225295b028894f9f6879abf0ec1603c520f7d35bea81104,2026-10-07T07:57:13
gemma3:27b@lem,local,ja_gsd,word_recall,katakana,0.3908523908523909,0.3352071989160723,0.4540023810901755,543,1000,1234,1,True,cdb0c645f95239e3822e498025881fa1b5b96cda41087228a270b92cceead11e,gemma3:27b,0e1f3521fa819f53d225295b028894f9f6879abf0ec1603c520f7d35bea81104,2026-10-07T07:57:13
gemma3:27b@lem,local,ja_gsd,word_recall,other,0.3565359477124183,0.3230596808303656,0.38914900677624503,543,1000,1234,1,True,cdb0c645f95239e3822e498025881fa1b5b96cda41087228a270b92cceead11e,gemma3:27b,0e1f3521fa819f53d225295b028894f9f6879abf0ec1603c520f7d35bea81104,2026-10-07T07:57:13
gemma3:27b@lem,local,ja_gsd,lemma_accuracy,all,0.8314077877620881,0.8175148862346459,0.8440430805085863,543,1000,1234,1,True,cdb0c645f95239e3822e498025881fa1b5b96cda41087228a270b92cceead11e,gemma3:27b,0e1f3521fa819f53d225295b028894f9f6879abf0ec1603c520f7d35bea81104,2026-10-07T07:57:13
gemma3:27b@lem,local,ja_gsd,lemma_coverage,all,0.358600583090379,0.3235751564914897,0.3933975176874039,543,1000,1234,1,True,cdb0c645f95239e3822e498025881fa1b5b96cda41087228a270b92cceead11e,gemma3:27b,0e1f3521fa819f53d225295b028894f9f6879abf0ec1603c520f7d35bea81104,2026-10-07T07:57:13
mecab,baseline,ja_gsd,boundary_precision,all,0.9954465569579805,0.9939572325754737,0.9968187453756672,543,1000,1234,1,False,,,0e1f3521fa819f53d225295b028894f9f6879abf0ec1603c520f7d35bea81104,2026-10-07T07:57:13
mecab,baseline,ja_gsd,boundary_recall,all,0.9975982707549436,0.996568927621197,0.9985713151652439,543,1000,1234,1,False,,,0e1f3521fa819f53d225295b028894f9f6879abf0ec1603c520f7d35bea81104,2026-10-07T07:57:13
mecab,baseline,ja_gsd,boundary_f1,all,0.9965212523491543,0.9955379949083762,0.9975105117878481,543,1000,1234,1,False,,,0e1f3521fa819f53d225295b028894f9f6879abf0ec1603c520f7d35bea81104,2026-10-07T07:57:13
mecab,baseline,ja_gsd,word_precision,all,0.9900467039277238,0.9872725275168595,0.9927921356157203,543,1000,1234,1,False,,,0e1f3521fa819f53d225295b028894f9f6879abf0ec1603c520f7d35bea81104,2026-10-07T07:57:13
mecab,baseline,ja_gsd,word_recall,all,0.9920975909160656,0.9899092557465906,0.9941816957683436,543,1000,1234,1,False,,,0e1f3521fa819f53d225295b028894f9f6879abf0ec1603c520f7d35bea81104,2026-10-07T07:57:13
mecab,baseline,ja_gsd,word_f1,all,0.9910710864150221,0.9886768508149579,0.9932539552722685,543,1000,1234,1,False,,,0e1f3521fa819f53d225295b028894f9f6879abf0ec1603c520f7d35bea81104,2026-10-07T07:57:13
mecab,baseline,ja_gsd,parse_rate,all,1.0,,,543,1000,1234,1,False,,,0e1f3521fa819f53d225295b028894f9f6879abf0ec1603c520f7d35bea81104,2026-10-07T07:57:13
mecab,baseline,ja_gsd,word_recall,proper_noun,0.9265175718849841,0.8932730694367205,0.9570562270951022,543,1000,1234,1,False,,,0e1f3521fa819f53d225295b028894f9f6879abf0ec1603c520f7d35bea81104,2026-10-07T07:57:13
mecab,baseline,ja_gsd,word_recall,katakana,0.9916839916839917,0.9773172397600904,1.0,543,1000,1234,1,False,,,0e1f3521fa819f53d225295b028894f9f6879abf0ec1603c520f7d35bea81104,2026-10-07T07:57:13
mecab,baseline,ja_gsd,word_recall,other,0.9937908496732026,0.9918985265934289,0.9956319160164838,543,1000,1234,1,False,,,0e1f3521fa819f53d225295b028894f9f6879abf0ec1603c520f7d35bea81104,2026-10-07T07:57:13
mecab,baseline,ja_gsd,lemma_accuracy,all,0.9077410873095662,0.9003646593627683,0.9155468499216853,543,1000,1234,1,False,,,0e1f3521fa819f53d225295b028894f9f6879abf0ec1603c520f7d35bea81104,2026-10-07T07:57:13
mecab,baseline,ja_gsd,lemma_coverage,all,0.9920975909160656,0.9898076565030814,0.994180179784042,543,1000,1234,1,False,,,0e1f3521fa819f53d225295b028894f9f6879abf0ec1603c520f7d35bea81104,2026-10-07T07:57:13
opencode-go/deepseek-v4.1-flash,remote,ja_gsd,boundary_precision,all,0.9959107476220108,0.9945787947447786,0.9971027554535018,543,1000,1234,1,False,8295877ae96590fd4e706e482ec81e78d36954d18a3848c13b0ece0cb8e06f1c,deepseek-v4.1-flash,0e1f3521fa819f53d225295b028894f9f6879abf0ec1603c520f7d35bea81104,2026-10-07T07:57:13
opencode-go/deepseek-v4.1-flash,remote,ja_gsd,boundary_recall,all,0.8968857577455768,0.888897863807371,0.9043540725704836,543,1000,1234,1,False,8295877ae96590fd4e706e482ec81e78d36954d18a3848c13b0ece0cb8e06f1c,deepseek-v4.1-flash,0e1f3521fa819f53d225295b028894f9f6879abf0ec1603c520f7d35bea81104,2026-10-07T07:57:13
opencode-go/deepseek-v4.1-flash,remote,ja_gsd,boundary_f1,all,0.9438079191238417,0.9393455252427441,0.9481028843913375,543,1000,1234,1,False,8295877ae96590fd4e706e482ec81e78d36954d18a3848c13b0ece0cb8e06f1c,deepseek-v4.1-flash,0e1f3521fa819f53d225295b028894f9f6879abf0ec1603c520f7d35bea81104,2026-10-07T07:57:13
opencode-go/deepseek-v4.1-flash,remote,ja_gsd,word_precision,all,0.9030534351145039,0.8959947204367118,0.9101092425102476,543,1000,1234,1,False,8295877ae96590fd4e706e482ec81e78d36954d18a3848c13b0ece0cb8e06f1c,deepseek-v4.1-flash,0e1f3521fa819f53d225295b028894f9f6879abf0ec1603c520f7d35bea81104,2026-10-07T07:57:13
opencode-go/deepseek-v4.1-flash,remote,ja_gsd,word_recall,all,0.8168635875402793,0.8041469255432309,0.8299110730012643,543,1000,1234,1,False,8295877ae96590fd4e706e482ec81e78d36954d18a3848c13b0ece0cb8e06f1c,deepseek-v4.1-flash,0e1f3521fa819f53d225295b028894f9f6879abf0ec1603c520f7d35bea81104,2026-10-07T07:57:13
opencode-go/deepseek-v4.1-flash,remote,ja_gsd,word_f1,all,0.8577989042861748,0.8475703483534278,0.8680446836237897,543,1000,1234,1,False,8295877ae96590fd4e706e482ec81e78d36954d18a3848c13b0ece0cb8e06f1c,deepseek-v4.1-flash,0e1f3521fa819f53d225295b028894f9f6879abf0ec1603c520f7d35bea81104,2026-10-07T07:57:13
opencode-go/deepseek-v4.1-flash,remote,ja_gsd,parse_rate,all,0.9558011049723757,,,543,1000,1234,1,False,8295877ae96590fd4e706e482ec81e78d36954d18a3848c13b0ece0cb8e06f1c,deepseek-v4.1-flash,0e1f3521fa819f53d225295b028894f9f6879abf0ec1603c520f7d35bea81104,2026-10-07T07:57:13
opencode-go/deepseek-v4.1-flash,remote,ja_gsd,word_recall,proper_noun,0.7987220447284346,0.7382545400710621,0.8591629844426033,543,1000,1234,1,False,8295877ae96590fd4e706e482ec81e78d36954d18a3848c13b0ece0cb8e06f1c,deepseek-v4.1-flash,0e1f3521fa819f53d225295b028894f9f6879abf0ec1603c520f7d35bea81104,2026-10-07T07:57:13
opencode-go/deepseek-v4.1-flash,remote,ja_gsd,word_recall,katakana,0.7920997920997921,0.7450509497840263,0.8416848605467816,543,1000,1234,1,False,8295877ae96590fd4e706e482ec81e78d36954d18a3848c13b0ece0cb8e06f1c,deepseek-v4.1-flash,0e1f3521fa819f53d225295b028894f9f6879abf0ec1603c520f7d35bea81104,2026-10-07T07:57:13
opencode-go/deepseek-v4.1-flash,remote,ja_gsd,word_recall,other,0.8183006535947712,0.8051359481047614,0.8313393753485666,543,1000,1234,1,False,8295877ae96590fd4e706e482ec81e78d36954d18a3848c13b0ece0cb8e06f1c,deepseek-v4.1-flash,0e1f3521fa819f53d225295b028894f9f6879abf0ec1603c520f7d35bea81104,2026-10-07T07:57:13
opencode-go/deepseek-v4.1-flash@b1,remote,ja_gsd,boundary_precision,all,0.9968285610728524,0.9956801228584534,0.9979108998551998,543,1000,1234,1,False,4b66ecbc60b56f77c3310947d5e544240838dae142e4d4453f0afc0dbb364d0b,deepseek-v4.1-flash,0e1f3521fa819f53d225295b028894f9f6879abf0ec1603c520f7d35bea81104,2026-10-07T07:57:13
opencode-go/deepseek-v4.1-flash@b1,remote,ja_gsd,boundary_recall,all,0.8807141141621968,0.8710694722824812,0.8901801339120428,543,1000,1234,1,False,4b66ecbc60b56f77c3310947d5e544240838dae142e4d4453f0afc0dbb364d0b,deepseek-v4.1-flash,0e1f3521fa819f53d225295b028894f9f6879abf0ec1603c520f7d35bea81104,2026-10-07T07:57:13
opencode-go/deepseek-v4.1-flash@b1,remote,ja_gsd,boundary_f1,all,0.9351808560377438,0.9295463624145466,0.9402647178597462,543,1000,1234,1,False,4b66ecbc60b56f77c3310947d5e544240838dae142e4d4453f0afc0dbb364d0b,deepseek-v4.1-flash,0e1f3521fa819f53d225295b028894f9f6879abf0ec1603c520f7d35bea81104,2026-10-07T07:57:13
opencode-go/deepseek-v4.1-flash@b1,remote,ja_gsd,word_precision,all,0.8884090516496804,0.8806767991772539,0.8959981921196317,543,1000,1234,1,False,4b66ecbc60b56f77c3310947d5e544240838dae142e4d4453f0afc0dbb364d0b,deepseek-v4.1-flash,0e1f3521fa819f53d225295b028894f9f6879abf0ec1603c520f7d35bea81104,2026-10-07T07:57:13
opencode-go/deepseek-v4.1-flash@b1,remote,ja_gsd,word_recall,all,0.7891667945373638,0.7749333533870857,0.801847826255358,543,1000,1234,1,False,4b66ecbc60b56f77c3310947d5e544240838dae142e4d4453f0afc0dbb364d0b,deepseek-v4.1-flash,0e1f3521fa819f53d225295b028894f9f6879abf0ec1603c520f7d35bea81104,2026-10-07T07:57:13
opencode-go/deepseek-v4.1-flash@b1,remote,ja_gsd,word_f1,all,0.835852429709085,0.8248292411153391,0.8473958926475775,543,1000,1234,1,False,4b66ecbc60b56f77c3310947d5e544240838dae142e4d4453f0afc0dbb364d0b,deepseek-v4.1-flash,0e1f3521fa819f53d225295b028894f9f6879abf0ec1603c520f7d35bea81104,2026-10-07T07:57:13
opencode-go/deepseek-v4.1-flash@b1,remote,ja_gsd,parse_rate,all,0.9852670349907919,,,543,1000,1234,1,False,4b66ecbc60b56f77c3310947d5e544240838dae142e4d4453f0afc0dbb364d0b,deepseek-v4.1-flash,0e1f3521fa819f53d225295b028894f9f6879abf0ec1603c520f7d35bea81104,2026-10-07T07:57:13
opencode-go/deepseek-v4.1-flash@b1,remote,ja_gsd,word_recall,proper_noun,0.7412140575079872,0.6739113712374581,0.8088410364145658,543,1000,1234,1,False,4b66ecbc60b56f77c3310947d5e544240838dae142e4d4453f0afc0dbb364d0b,deepseek-v4.1-flash,0e1f3521fa819f53d225295b028894f9f6879abf0ec1603c520f7d35bea81104,2026-10-07T07:57:13
opencode-go/deepseek-v4.1-flash@b1,remote,ja_gsd,word_recall,katakana,0.7900207900207901,0.7441809577120757,0.8380636927190956,543,1000,1234,1,False,4b66ecbc60b56f77c3310947d5e544240838dae142e4d4453f0afc0dbb364d0b,deepseek-v4.1-flash,0e1f3521fa819f53d225295b028894f9f6879abf0ec1603c520f7d35bea81104,2026-10-07T07:57:13
opencode-go/deepseek-v4.1-flash@b1,remote,ja_gsd,word_recall,other,0.790359477124183,0.7762082276924365,0.8046883438208342,543,1000,1234,1,False,4b66ecbc60b56f77c3310947d5e544240838dae142e4d4453f0afc0dbb364d0b,deepseek-v4.1-flash,0e1f3521fa819f53d225295b028894f9f6879abf0ec1603c520f7d35bea81104,2026-10-07T07:57:13
opencode-go/deepseek-v4.1-flash@b1,remote,ja_gsd,batch_parse_rate,all,0.9852670349907919,,,543,1000,1234,1,False,4b66ecbc60b56f77c3310947d5e544240838dae142e4d4453f0afc0dbb364d0b,deepseek-v4.1-flash,0e1f3521fa819f53d225295b028894f9f6879abf0ec1603c520f7d35bea81104,2026-10-07T07:57:13
opencode-go/deepseek-v4.1-flash@b1,remote,ja_gsd,boundary_f1,pos0,0.9351808560377438,0.9299375031559587,0.9404200291906978,543,1000,1234,1,False,4b66ecbc60b56f77c3310947d5e544240838dae142e4d4453f0afc0dbb364d0b,deepseek-v4.1-flash,0e1f3521fa819f53d225295b028894f9f6879abf0ec1603c520f7d35bea81104,2026-10-07T07:57:13
opencode-go/deepseek-v4.1-flash@b1,remote,ja_gsd,word_f1,pos0,0.835852429709085,0.8250161457981001,0.8461143281105796,543,1000,1234,1,False,4b66ecbc60b56f77c3310947d5e544240838dae142e4d4453f0afc0dbb364d0b,deepseek-v4.1-flash,0e1f3521fa819f53d225295b028894f9f6879abf0ec1603c520f7d35bea81104,2026-10-07T07:57:13
opencode-go/deepseek-v4.1-flash@b1@lem,remote,ja_gsd,boundary_precision,all,0.9971504172603297,0.9958708162530014,0.9982442954597277,543,1000,1234,1,True,3ed2e3d170afd5167bc4b714067329e24d6234b61e453b482106315359229a17,deepseek-v4.1-flash,0e1f3521fa819f53d225295b028894f9f6879abf0ec1603c520f7d35bea81104,2026-10-07T07:57:13
opencode-go/deepseek-v4.1-flash@b1@lem,remote,ja_gsd,boundary_recall,all,0.7844047714354335,0.742101165314301,0.8213038192561143,543,1000,1234,1,True,3ed2e3d170afd5167bc4b714067329e24d6234b61e453b482106315359229a17,deepseek-v4.1-flash,0e1f3521fa819f53d225295b028894f9f6879abf0ec1603c520f7d35bea81104,2026-10-07T07:57:13
opencode-go/deepseek-v4.1-flash@b1@lem,remote,ja_gsd,boundary_f1,all,0.8780750100820003,0.8529504791367717,0.9013349989098695,543,1000,1234,1,True,3ed2e3d170afd5167bc4b714067329e24d6234b61e453b482106315359229a17,deepseek-v4.1-flash,0e1f3521fa819f53d225295b028894f9f6879abf0ec1603c520f7d35bea81104,2026-10-07T07:57:13
opencode-go/deepseek-v4.1-flash@b1@lem,remote,ja_gsd,word_precision,all,0.8849463405201585,0.8774488162283701,0.8933413510619643,543,1000,1234,1,True,3ed2e3d170afd5167bc4b714067329e24d6234b61e453b482106315359229a17,deepseek-v4.1-flash,0e1f3521fa819f53d225295b028894f9f6879abf0ec1603c520f7d35bea81104,2026-10-07T07:57:13
opencode-go/deepseek-v4.1-flash@b1@lem,remote,ja_gsd,word_recall,all,0.7022402946140862,0.6641439002233509,0.7392517974861843,543,1000,1234,1,True,3ed2e3d170afd5167bc4b714067329e24d6234b61e453b482106315359229a17,deepseek-v4.1-flash,0e1f3521fa819f53d225295b028894f9f6879abf0ec1603c520f7d35bea81104,2026-10-07T07:57:13
opencode-go/deepseek-v4.1-flash@b1@lem,remote,ja_gsd,word_f1,all,0.7830773837532616,0.7583112774709819,0.8053620329349188,543,1000,1234,1,True,3ed2e3d170afd5167bc4b714067329e24d6234b61e453b482106315359229a17,deepseek-v4.1-flash,0e1f3521fa819f53d225295b028894f9f6879abf0ec1603c520f7d35bea81104,2026-10-07T07:57:13
opencode-go/deepseek-v4.1-flash@b1@lem,remote,ja_gsd,parse_rate,all,0.9521178637200737,,,543,1000,1234,1,True,3ed2e3d170afd5167bc4b714067329e24d6234b61e453b482106315359229a17,deepseek-v4.1-flash,0e1f3521fa819f53d225295b028894f9f6879abf0ec1603c520f7d35bea81104,2026-10-07T07:57:13
opencode-go/deepseek-v4.1-flash@b1@lem,remote,ja_gsd,word_recall,proper_noun,0.7284345047923323,0.6536099472377406,0.8041052345848334,543,1000,1234,1,True,3ed2e3d170afd5167bc4b714067329e24d6234b61e453b482106315359229a17,deepseek-v4.1-flash,0e1f3521fa819f53d225295b028894f9f6879abf0ec1603c520f7d35bea81104,2026-10-07T07:57:13
opencode-go/deepseek-v4.1-flash@b1@lem,remote,ja_gsd,word_recall,katakana,0.7422037422037422,0.6883261645465361,0.8034673696692499,543,1000,1234,1,True,3ed2e3d170afd5167bc4b714067329e24d6234b61e453b482106315359229a17,deepseek-v4.1-flash,0e1f3521fa819f53d225295b028894f9f6879abf0ec1603c520f7d35bea81104,2026-10-07T07:57:13
opencode-go/deepseek-v4.1-flash@b1@lem,remote,ja_gsd,word_recall,other,0.7,0.6617581852712205,0.7349611003699672,543,1000,1234,1,True,3ed2e3d170afd5167bc4b714067329e24d6234b61e453b482106315359229a17,deepseek-v4.1-flash,0e1f3521fa819f53d225295b028894f9f6879abf0ec1603c520f7d35bea81104,2026-10-07T07:57:13
opencode-go/deepseek-v4.1-flash@b1@lem,remote,ja_gsd,lemma_accuracy,all,0.8674751447612804,0.8602895670372873,0.8748785569126896,543,1000,1234,1,True,3ed2e3d170afd5167bc4b714067329e24d6234b61e453b482106315359229a17,deepseek-v4.1-flash,0e1f3521fa819f53d225295b028894f9f6879abf0ec1603c520f7d35bea81104,2026-10-07T07:57:13
opencode-go/deepseek-v4.1-flash@b1@lem,remote,ja_gsd,lemma_coverage,all,0.7022402946140862,0.6632530813094809,0.7369577032136105,543,1000,1234,1,True,3ed2e3d170afd5167bc4b714067329e24d6234b61e453b482106315359229a17,deepseek-v4.1-flash,0e1f3521fa819f53d225295b028894f9f6879abf0ec1603c520f7d35bea81104,2026-10-07T07:57:13
opencode-go/deepseek-v4.1-flash@b1@lem,remote,ja_gsd,batch_parse_rate,all,0.9521178637200737,,,543,1000,1234,1,True,3ed2e3d170afd5167bc4b714067329e24d6234b61e453b482106315359229a17,deepseek-v4.1-flash,0e1f3521fa819f53d225295b028894f9f6879abf0ec1603c520f7d35bea81104,2026-10-07T07:57:13
opencode-go/deepseek-v4.1-flash@b1@lem,remote,ja_gsd,boundary_f1,pos0,0.8780750100820003,0.8518795185079842,0.9024322154124624,543,1000,1234,1,True,3ed2e3d170afd5167bc4b714067329e24d6234b61e453b482106315359229a17,deepseek-v4.1-flash,0e1f3521fa819f53d225295b028894f9f6879abf0ec1603c520f7d35bea81104,2026-10-07T07:57:13
opencode-go/deepseek-v4.1-flash@b1@lem,remote,ja_gsd,word_f1,pos0,0.7830773837532616,0.7576804734030496,0.8068923628193301,543,1000,1234,1,True,3ed2e3d170afd5167bc4b714067329e24d6234b61e453b482106315359229a17,deepseek-v4.1-flash,0e1f3521fa819f53d225295b028894f9f6879abf0ec1603c520f7d35bea81104,2026-10-07T07:57:13
opencode-go/deepseek-v4.1-flash@b2,remote,ja_gsd,boundary_precision,all,0.9967774606389835,0.995439152571417,0.9979347890471735,543,1000,1234,2,False,4b66ecbc60b56f77c3310947d5e544240838dae142e4d4453f0afc0dbb364d0b,deepseek-v4.1-flash,0e1f3521fa819f53d225295b028894f9f6879abf0ec1603c520f7d35bea81104,2026-10-07T07:57:13
opencode-go/deepseek-v4.1-flash@b2,remote,ja_gsd,boundary_recall,all,0.8667040268993675,0.858608910921747,0.8738159872711475,543,1000,1234,2,False,4b66ecbc60b56f77c3310947d5e544240838dae142e4d4453f0afc0dbb364d0b,deepseek-v4.1-flash,0e1f3521fa819f53d225295b028894f9f6879abf0ec1603c520f7d35bea81104,2026-10-07T07:57:13
opencode-go/deepseek-v4.1-flash@b2,remote,ja_gsd,boundary_f1,all,0.9272010962658445,0.9224893992824003,0.9316628154723606,543,1000,1234,2,False,4b66ecbc60b56f77c3310947d5e544240838dae142e4d4453f0afc0dbb364d0b,deepseek-v4.1-flash,0e1f3521fa819f53d225295b028894f9f6879abf0ec1603c520f7d35bea81104,2026-10-07T07:57:13
opencode-go/deepseek-v4.1-flash@b2,remote,ja_gsd,word_precision,all,0.8715363030515608,0.8631036617560017,0.879744170933258,543,1000,1234,2,False,4b66ecbc60b56f77c3310947d5e544240838dae142e4d4453f0afc0dbb364d0b,deepseek-v4.1-flash,0e1f3521fa819f53d225295b028894f9f6879abf0ec1603c520f7d35bea81104,2026-10-07T07:57:13
opencode-go/deepseek-v4.1-flash@b2,remote,ja_gsd,word_recall,all,0.7625441153905171,0.7489238023236743,0.7748301436184684,543,1000,1234,2,False,4b66ecbc60b56f77c3310947d5e544240838dae142e4d4453f0afc0dbb364d0b,deepseek-v4.1-flash,0e1f3521fa819f53d225295b028894f9f6879abf0ec1603c520f7d35bea81104,2026-10-07T07:57:13
opencode-go/deepseek-v4.1-flash@b2,remote,ja_gsd,word_f1,all,0.8134053523201572,0.801717029989595,0.8240942963693889,543,1000,1234,2,False,4b66ecbc60b56f77c3310947d5e544240838dae142e4d4453f0afc0dbb364d0b,deepseek-v4.1-flash,0e1f3521fa819f53d225295b028894f9f6879abf0ec1603c520f7d35bea81104,2026-10-07T07:57:13
opencode-go/deepseek-v4.1-flash@b2,remote,ja_gsd,parse_rate,all,0.9871086556169429,,,543,1000,1234,2,False,4b66ecbc60b56f77c3310947d5e544240838dae142e4d4453f0afc0dbb364d0b,deepseek-v4.1-flash,0e1f3521fa819f53d225295b028894f9f6879abf0ec1603c520f7d35bea81104,2026-10-07T07:57:13
opencode-go/deepseek-v4.1-flash@b2,remote,ja_gsd,word_recall,proper_noun,0.731629392971246,0.658802452577122,0.799368932038835,543,1000,1234,2,False,4b66ecbc60b56f77c3310947d5e544240838dae142e4d4453f0afc0dbb364d0b,deepseek-v4.1-flash,0e1f3521fa819f53d225295b028894f9f6879abf0ec1603c520f7d35bea81104,2026-10-07T07:57:13
opencode-go/deepseek-v4.1-flash@b2,remote,ja_gsd,word_recall,katakana,0.7733887733887734,0.7242603971098595,0.8240429805270811,543,1000,1234,2,False,4b66ecbc60b56f77c3310947d5e544240838dae142e4d4453f0afc0dbb364d0b,deepseek-v4.1-flash,0e1f3521fa819f53d225295b028894f9f6879abf0ec1603c520f7d35bea81104,2026-10-07T07:57:13
opencode-go/deepseek-v4.1-flash@b2,remote,ja_gsd,word_recall,other,0.7629084967320261,0.7489522012009876,0.7777447015938045,543,1000,1234,2,False,4b66ecbc60b56f77c3310947d5e544240838dae142e4d4453f0afc0dbb364d0b,deepseek-v4.1-flash,0e1f3521fa819f53d225295b028894f9f6879abf0ec1603c520f7d35bea81104,2026-10-07T07:57:13
opencode-go/deepseek-v4.1-flash@b2,remote,ja_gsd,batch_parse_rate,all,0.9779411764705882,,,272,1000,1234,2,False,4b66ecbc60b56f77c3310947d5e544240838dae142e4d4453f0afc0dbb364d0b,deepseek-v4.1-flash,0e1f3521fa819f53d225295b028894f9f6879abf0ec1603c520f7d35bea81104,2026-10-07T07:57:13
opencode-go/deepseek-v4.1-flash@b2,remote,ja_gsd,boundary_f1,pos0,0.927364570632294,0.9208452595712565,0.9337723784738898,272,1000,1234,2,False,4b66ecbc60b56f77c3310947d5e544240838dae142e4d4453f0afc0dbb364d0b,deepseek-v4.1-flash,0e1f3521fa819f53d225295b028894f9f6879abf0ec1603c520f7d35bea81104,2026-10-07T07:57:13
opencode-go/deepseek-v4.1-flash@b2,remote,ja_gsd,word_f1,pos0,0.8153999667387328,0.799403586428951,0.8324064765641681,272,1000,1234,2,False,4b66ecbc60b56f77c3310947d5e544240838dae142e4d4453f0afc0dbb364d0b,deepseek-v4.1-flash,0e1f3521fa819f53d225295b028894f9f6879abf0ec1603c520f7d35bea81104,2026-10-07T07:57:13
opencode-go/deepseek-v4.1-flash@b2,remote,ja_gsd,boundary_f1,pos1,0.9270429654591407,0.9204056434136826,0.9333800319527488,271,1000,1234,2,False,4b66ecbc60b56f77c3310947d5e544240838dae142e4d4453f0afc0dbb364d0b,deepseek-v4.1-flash,0e1f3521fa819f53d225295b028894f9f6879abf0ec1603c520f7d35bea81104,2026-10-07T07:57:13
opencode-go/deepseek-v4.1-flash@b2,remote,ja_gsd,word_f1,pos1,0.8114727682887529,0.7948317227641607,0.8269890673781141,271,1000,1234,2,False,4b66ecbc60b56f77c3310947d5e544240838dae142e4d4453f0afc0dbb364d0b,deepseek-v4.1-flash,0e1f3521fa819f53d225295b028894f9f6879abf0ec1603c520f7d35bea81104,2026-10-07T07:57:13
opencode-go/deepseek-v4.1-flash@b2@lem,remote,ja_gsd,boundary_precision,all,0.9979808177688037,0.9969350553196591,0.9988835758165867,543,1000,1234,2,True,3ed2e3d170afd5167bc4b714067329e24d6234b61e453b482106315359229a17,deepseek-v4.1-flash,0e1f3521fa819f53d225295b028894f9f6879abf0ec1603c520f7d35bea81104,2026-10-07T07:57:13
opencode-go/deepseek-v4.1-flash@b2@lem,remote,ja_gsd,boundary_recall,all,0.7913697862460972,0.7572064104260915,0.8257353838383573,543,1000,1234,2,True,3ed2e3d170afd5167bc4b714067329e24d6234b61e453b482106315359229a17,deepseek-v4.1-flash,0e1f3521fa819f53d225295b028894f9f6879abf0ec1603c520f7d35bea81104,2026-10-07T07:57:13
opencode-go/deepseek-v4.1-flash@b2@lem,remote,ja_gsd,boundary_f1,all,0.8827469190926951,0.8595200815718238,0.9037574220214167,543,1000,1234,2,True,3ed2e3d170afd5167bc4b714067329e24d6234b61e453b482106315359229a17,deepseek-v4.1-flash,0e1f3521fa819f53d225295b028894f9f6879abf0ec1603c520f7d35bea81104,2026-10-07T07:57:13
opencode-go/deepseek-v4.1-flash@b2@lem,remote,ja_gsd,word_precision,all,0.8738367072819726,0.8651904682528067,0.8823192212837088,543,1000,1234,2,True,3ed2e3d170afd5167bc4b714067329e24d6234b61e453b482106315359229a17,deepseek-v4.1-flash,0e1f3521fa819f53d225295b028894f9f6879abf0ec1603c520f7d35bea81104,2026-10-07T07:57:13
opencode-go/deepseek-v4.1-flash@b2@lem,remote,ja_gsd,word_recall,all,0.6987877857910081,0.6678621763359526,0.7299738703800469,543,1000,1234,2,True,3ed2e3d170afd5167bc4b714067329e24d6234b61e453b482106315359229a17,deepseek-v4.1-flash,0e1f3521fa819f53d225295b028894f9f6879abf0ec1603c520f7d35bea81104,2026-10-07T07:57:13
opencode-go/deepseek-v4.1-flash@b2@lem,remote,ja_gsd,word_f1,all,0.7765698938483182,0.7519670383914141,0.7972943882880268,543,1000,1234,2,True,3ed2e3d170afd5167bc4b714067329e24d6234b61e453b482106315359229a17,deepseek-v4.1-flash,0e1f3521fa819f53d225295b028894f9f6879abf0ec1603c520f7d35bea81104,2026-10-07T07:57:13
opencode-go/deepseek-v4.1-flash@b2@lem,remote,ja_gsd,parse_rate,all,0.9539594843462247,,,543,1000,1234,2,True,3ed2e3d170afd5167bc4b714067329e24d6234b61e453b482106315359229a17,deepseek-v4.1-flash,0e1f3521fa819f53d225295b028894f9f6879abf0ec1603c520f7d35bea81104,2026-10-07T07:57:13
opencode-go/deepseek-v4.1-flash@b2@lem,remote,ja_gsd,word_recall,proper_noun,0.7124600638977636,0.635407162408759,0.7879888213117554,543,1000,1234,2,True,3ed2e3d170afd5167bc4b714067329e24d6234b61e453b482106315359229a17,deepseek-v4.1-flash,0e1f3521fa819f53d225295b028894f9f6879abf0ec1603c520f7d35bea81104,2026-10-07T07:57:13
opencode-go/deepseek-v4.1-flash@b2@lem,remote,ja_gsd,word_recall,katakana,0.7234927234927235,0.6679471579487618,0.7814000796773068,543,1000,1234,2,True,3ed2e3d170afd5167bc4b714067329e24d6234b61e453b482106315359229a17,deepseek-v4.1-flash,0e1f3521fa819f53d225295b028894f9f6879abf0ec1603c520f7d35bea81104,2026-10-07T07:57:13
opencode-go/deepseek-v4.1-flash@b2@lem,remote,ja_gsd,word_recall,other,0.6974673202614379,0.6634304869744191,0.7280795206172292,543,1000,1234,2,True,3ed2e3d170afd5167bc4b714067329e24d6234b61e453b482106315359229a17,deepseek-v4.1-flash,0e1f3521fa819f53d225295b028894f9f6879abf0ec1603c520f7d35bea81104,2026-10-07T07:57:13
opencode-go/deepseek-v4.1-flash@b2@lem,remote,ja_gsd,lemma_accuracy,all,0.8679183135704874,0.8610643798133509,0.8762120723334077,543,1000,1234,2,True,3ed2e3d170afd5167bc4b714067329e24d6234b61e453b482106315359229a17,deepseek-v4.1-flash,0e1f3521fa819f53d225295b028894f9f6879abf0ec1603c520f7d35bea81104,2026-10-07T07:57:13
opencode-go/deepseek-v4.1-flash@b2@lem,remote,ja_gsd,lemma_coverage,all,0.6987877857910081,0.6631148786367129,0.73199948172208,543,1000,1234,2,True,3ed2e3d170afd5167bc4b714067329e24d6234b61e453b482106315359229a17,deepseek-v4.1-flash,0e1f3521fa819f53d225295b028894f9f6879abf0ec1603c520f7d35bea81104,2026-10-07T07:57:13
opencode-go/deepseek-v4.1-flash@b2@lem,remote,ja_gsd,batch_parse_rate,all,0.9117647058823529,,,272,1000,1234,2,True,3ed2e3d170afd5167bc4b714067329e24d6234b61e453b482106315359229a17,deepseek-v4.1-flash,0e1f3521fa819f53d225295b028894f9f6879abf0ec1603c520f7d35bea81104,2026-10-07T07:57:13
opencode-go/deepseek-v4.1-flash@b2@lem,remote,ja_gsd,boundary_f1,pos0,0.8985144084481833,0.8735734944703393,0.9180841725625871,272,1000,1234,2,True,3ed2e3d170afd5167bc4b714067329e24d6234b61e453b482106315359229a17,deepseek-v4.1-flash,0e1f3521fa819f53d225295b028894f9f6879abf0ec1603c520f7d35bea81104,2026-10-07T07:57:13
opencode-go/deepseek-v4.1-flash@b2@lem,remote,ja_gsd,word_f1,pos0,0.7947381908260014,0.7702104870370138,0.8179847998383439,272,1000,1234,2,True,3ed2e3d170afd5167bc4b714067329e24d6234b61e453b482106315359229a17,deepseek-v4.1-flash,0e1f3521fa819f53d225295b028894f9f6879abf0ec1603c520f7d35bea81104,2026-10-07T07:57:13
opencode-go/deepseek-v4.1-flash@b2@lem,remote,ja_gsd,boundary_f1,pos1,0.8670468722152914,0.8215097365184958,0.9007745804086453,271,1000,1234,2,True,3ed2e3d170afd5167bc4b714067329e24d6234b61e453b482106315359229a17,deepseek-v4.1-flash,0e1f3521fa819f53d225295b028894f9f6879abf0ec1603c520f7d35bea81104,2026-10-07T07:57:13
opencode-go/deepseek-v4.1-flash@b2@lem,remote,ja_gsd,word_f1,pos1,0.7584680851063831,0.7224653247155766,0.7915230967224034,271,1000,1234,2,True,3ed2e3d170afd5167bc4b714067329e24d6234b61e453b482106315359229a17,deepseek-v4.1-flash,0e1f3521fa819f53d225295b028894f9f6879abf0ec1603c520f7d35bea81104,2026-10-07T07:57:13
opencode-go/deepseek-v4.1-flash@b4,remote,ja_gsd,boundary_precision,all,0.9975923696638578,0.9966059882974925,0.9984814280215404,543,1000,1234,4,False,4b66ecbc60b56f77c3310947d5e544240838dae142e4d4453f0afc0dbb364d0b,deepseek-v4.1-flash,0e1f3521fa819f53d225295b028894f9f6879abf0ec1603c520f7d35bea81104,2026-10-07T07:57:13
opencode-go/deepseek-v4.1-flash@b4,remote,ja_gsd,boundary_recall,all,0.8624609718997678,0.8533126809579885,0.8705239397970264,543,1000,1234,4,False,4b66ecbc60b56f77c3310947d5e544240838dae142e4d4453f0afc0dbb364d0b,deepseek-v4.1-flash,0e1f3521fa819f53d225295b028894f9f6879abf0ec1603c520f7d35bea81104,2026-10-07T07:57:13
opencode-go/deepseek-v4.1-flash@b4,remote,ja_gsd,boundary_f1,all,0.9251180764276513,0.9202161453647935,0.9296694030008948,543,1000,1234,4,False,4b66ecbc60b56f77c3310947d5e544240838dae142e4d4453f0afc0dbb364d0b,deepseek-v4.1-flash,0e1f3521fa819f53d225295b028894f9f6879abf0ec1603c520f7d35bea81104,2026-10-07T07:57:13
opencode-go/deepseek-v4.1-flash@b4,remote,ja_gsd,word_precision,all,0.8669546817139834,0.8588997591887226,0.8754624040357961,543,1000,1234,4,False,4b66ecbc60b56f77c3310947d5e544240838dae142e4d4453f0afc0dbb364d0b,deepseek-v4.1-flash,0e1f3521fa819f53d225295b028894f9f6879abf0ec1603c520f7d35bea81104,2026-10-07T07:57:13
opencode-go/deepseek-v4.1-flash@b4,remote,ja_gsd,word_recall,all,0.7544115390517109,0.7402554674473694,0.7682637915918348,543,1000,1234,4,False,4b66ecbc60b56f77c3310947d5e544240838dae142e4d4453f0afc0dbb364d0b,deepseek-v4.1-flash,0e1f3521fa819f53d225295b028894f9f6879abf0ec1603c520f7d35bea81104,2026-10-07T07:57:13
opencode-go/deepseek-v4.1-flash@b4,remote,ja_gsd,word_f1,all,0.8067771578601903,0.7959586464510352,0.8184196005383944,543,1000,1234,4,False,4b66ecbc60b56f77c3310947d5e544240838dae142e4d4453f0afc0dbb364d0b,deepseek-v4.1-flash,0e1f3521fa819f53d225295b028894f9f6879abf0ec1603c520f7d35bea81104,2026-10-07T07:57:13
opencode-go/deepseek-v4.1-flash@b4,remote,ja_gsd,parse_rate,all,0.992633517495396,,,543,1000,1234,4,False,4b66ecbc60b56f77c3310947d5e544240838dae142e4d4453f0afc0dbb364d0b,deepseek-v4.1-flash,0e1f3521fa819f53d225295b028894f9f6879abf0ec1603c520f7d35bea81104,2026-10-07T07:57:13
opencode-go/deepseek-v4.1-flash@b4,remote,ja_gsd,word_recall,proper_noun,0.6932907348242812,0.6190476190476191,0.766452850877193,543,1000,1234,4,False,4b66ecbc60b56f77c3310947d5e544240838dae142e4d4453f0afc0dbb364d0b,deepseek-v4.1-flash,0e1f3521fa819f53d225295b028894f9f6879abf0ec1603c520f7d35bea81104,2026-10-07T07:57:13
opencode-go/deepseek-v4.1-flash@b4,remote,ja_gsd,word_recall,katakana,0.7900207900207901,0.7431823235130628,0.8378936833490821,543,1000,1234,4,False,4b66ecbc60b56f77c3310947d5e544240838dae142e4d4453f0afc0dbb364d0b,deepseek-v4.1-flash,0e1f3521fa819f53d225295b028894f9f6879abf0ec1603c520f7d35bea81104,2026-10-07T07:57:13
opencode-go/deepseek-v4.1-flash@b4,remote,ja_gsd,word_recall,other,0.7545751633986928,0.7399814906049861,0.7691444150852732,543,1000,1234,4,False,4b66ecbc60b56f77c3310947d5e544240838dae142e4d4453f0afc0dbb364d0b,deepseek-v4.1-flash,0e1f3521fa819f53d225295b028894f9f6879abf0ec1603c520f7d35bea81104,2026-10-07T07:57:13
opencode-go/deepseek-v4.1-flash@b4,remote,ja_gsd,batch_parse_rate,all,0.9705882352941176,,,136,1000,1234,4,False,4b66ecbc60b56f77c3310947d5e544240838dae142e4d4453f0afc0dbb364d0b,deepseek-v4.1-flash,0e1f3521fa819f53d225295b028894f9f6879abf0ec1603c520f7d35bea81104,2026-10-07T07:57:13
opencode-go/deepseek-v4.1-flash@b4,remote,ja_gsd,boundary_f1,pos0,0.925647765677807,0.9154799498180795,0.9351995779501032,136,1000,1234,4,False,4b66ecbc60b56f77c3310947d5e544240838dae142e4d4453f0afc0dbb364d0b,deepseek-v4.1-flash,0e1f3521fa819f53d225295b028894f9f6879abf0ec1603c520f7d35bea81104,2026-10-07T07:57:13
opencode-go/deepseek-v4.1-flash@b4,remote,ja_gsd,word_f1,pos0,0.8102893890675241,0.7860348774730455,0.8334572788195829,136,1000,1234,4,False,4b66ecbc60b56f77c3310947d5e544240838dae142e4d4453f0afc0dbb364d0b,deepseek-v4.1-flash,0e1f3521fa819f53d225295b028894f9f6879abf0ec1603c520f7d35bea81104,2026-10-07T07:57:13
opencode-go/deepseek-v4.1-flash@b4,remote,ja_gsd,boundary_f1,pos1,0.9247601413903384,0.9159788196151236,0.9334488127357502,136,1000,1234,4,False,4b66ecbc60b56f77c3310947d5e544240838dae142e4d4453f0afc0dbb364d0b,deepseek-v4.1-flash,0e1f3521fa819f53d225295b028894f9f6879abf0ec1603c520f7d35bea81104,2026-10-07T07:57:13
opencode-go/deepseek-v4.1-flash@b4,remote,ja_gsd,word_f1,pos1,0.804764204088202,0.7824449633180031,0.8282838455831948,136,1000,1234,4,False,4b66ecbc60b56f77c3310947d5e544240838dae142e4d4453f0afc0dbb364d0b,deepseek-v4.1-flash,0e1f3521fa819f53d225295b028894f9f6879abf0ec1603c520f7d35bea81104,2026-10-07T07:57:13
opencode-go/deepseek-v4.1-flash@b4,remote,ja_gsd,boundary_f1,pos2,0.9217419777341193,0.9115903916217061,0.9316854718513494,136,1000,1234,4,False,4b66ecbc60b56f77c3310947d5e544240838dae142e4d4453f0afc0dbb364d0b,deepseek-v4.1-flash,0e1f3521fa819f53d225295b028894f9f6879abf0ec1603c520f7d35bea81104,2026-10-07T07:57:13
opencode-go/deepseek-v4.1-flash@b4,remote,ja_gsd,word_f1,pos2,0.8003134796238245,0.7772668722659052,0.8256928349097231,136,1000,1234,4,False,4b66ecbc60b56f77c3310947d5e544240838dae142e4d4453f0afc0dbb364d0b,deepseek-v4.1-flash,0e1f3521fa819f53d225295b028894f9f6879abf0ec1603c520f7d35bea81104,2026-10-07T07:57:13
opencode-go/deepseek-v4.1-flash@b4,remote,ja_gsd,boundary_f1,pos3,0.9284868977176669,0.9182653985031858,0.9379603650496516,135,1000,1234,4,False,4b66ecbc60b56f77c3310947d5e544240838dae142e4d4453f0afc0dbb364d0b,deepseek-v4.1-flash,0e1f3521fa819f53d225295b028894f9f6879abf0ec1603c520f7d35bea81104,2026-10-07T07:57:13
opencode-go/deepseek-v4.1-flash@b4,remote,ja_gsd,word_f1,pos3,0.812287793047696,0.787134267923761,0.8354752721290036,135,1000,1234,4,False,4b66ecbc60b56f77c3310947d5e544240838dae142e4d4453f0afc0dbb364d0b,deepseek-v4.1-flash,0e1f3521fa819f53d225295b028894f9f6879abf0ec1603c520f7d35bea81104,2026-10-07T07:57:13
opencode-go/deepseek-v4.1-flash@b4@lem,remote,ja_gsd,boundary_precision,all,0.9980840980135122,0.9970183699313547,0.9989593603239381,543,1000,1234,4,True,3ed2e3d170afd5167bc4b714067329e24d6234b61e453b482106315359229a17,deepseek-v4.1-flash,0e1f3521fa819f53d225295b028894f9f6879abf0ec1603c520f7d35bea81104,2026-10-07T07:57:13
opencode-go/deepseek-v4.1-flash@b4@lem,remote,ja_gsd,boundary_recall,all,0.7924105355856217,0.7593639551548484,0.8219734121339908,543,1000,1234,4,True,3ed2e3d170afd5167bc4b714067329e24d6234b61e453b482106315359229a17,deepseek-v4.1-flash,0e1f3521fa819f53d225295b028894f9f6879abf0ec1603c520f7d35bea81104,2026-10-07T07:57:13
opencode-go/deepseek-v4.1-flash@b4@lem,remote,ja_gsd,boundary_f1,all,0.8834344876829704,0.8609534924498791,0.9007278969942775,543,1000,1234,4,True,3ed2e3d170afd5167bc4b714067329e24d6234b61e453b482106315359229a17,deepseek-v4.1-flash,0e1f3521fa819f53d225295b028894f9f6879abf0ec1603c520f7d35bea81104,2026-10-07T07:57:13
opencode-go/deepseek-v4.1-flash@b4@lem,remote,ja_gsd,word_precision,all,0.8692027596780376,0.8603868922608516,0.8784790025141233,543,1000,1234,4,True,3ed2e3d170afd5167bc4b714067329e24d6234b61e453b482106315359229a17,deepseek-v4.1-flash,0e1f3521fa819f53d225295b028894f9f6879abf0ec1603c520f7d35bea81104,2026-10-07T07:57:13
opencode-go/deepseek-v4.1-flash@b4@lem,remote,ja_gsd,word_recall,all,0.6959490563142551,0.6634674783140043,0.7229446033634391,543,1000,1234,4,True,3ed2e3d170afd5167bc4b714067329e24d6234b61e453b482106315359229a17,deepseek-v4.1-flash,0e1f3521fa819f53d225295b028894f9f6879abf0ec1603c520f7d35bea81104,2026-10-07T07:57:13
opencode-go/deepseek-v4.1-flash@b4@lem,remote,ja_gsd,word_f1,all,0.7729867916489136,0.7529398445119825,0.7921596798710666,543,1000,1234,4,True,3ed2e3d170afd5167bc4b714067329e24d6234b61e453b482106315359229a17,deepseek-v4.1-flash,0e1f3521fa819f53d225295b028894f9f6879abf0ec1603c520f7d35bea81104,2026-10-07T07:57:13
opencode-go/deepseek-v4.1-flash@b4@lem,remote,ja_gsd,parse_rate,all,0.9558011049723757,,,543,1000,1234,4,True,3ed2e3d170afd5167bc4b714067329e24d6234b61e453b482106315359229a17,deepseek-v4.1-flash,0e1f3521fa819f53d225295b028894f9f6879abf0ec1603c520f7d35bea81104,2026-10-07T07:57:13
opencode-go/deepseek-v4.1-flash@b4@lem,remote,ja_gsd,word_recall,proper_noun,0.6900958466453674,0.6122384600527908,0.7733216451333468,543,1000,1234,4,True,3ed2e3d170afd5167bc4b714067329e24d6234b61e453b482106315359229a17,deepseek-v4.1-flash,0e1f3521fa819f53d225295b028894f9f6879abf0ec1603c520f7d35bea81104,2026-10-07T07:57:13
opencode-go/deepseek-v4.1-flash@b4@lem,remote,ja_gsd,word_recall,katakana,0.735966735966736,0.6811006652185718,0.7894847412649271,543,1000,1234,4,True,3ed2e3d170afd5167bc4b714067329e24d6234b61e453b482106315359229a17,deepseek-v4.1-flash,0e1f3521fa819f53d225295b028894f9f6879abf0ec1603c520f7d35bea81104,2026-10-07T07:57:13
opencode-go/deepseek-v4.1-flash@b4@lem,remote,ja_gsd,word_recall,other,0.6945261437908496,0.6641511919308866,0.724622123234957,543,1000,1234,4,True,3ed2e3d170afd5167bc4b714067329e24d6234b61e453b482106315359229a17,deepseek-v4.1-flash,0e1f3521fa819f53d225295b028894f9f6879abf0ec1603c520f7d35bea81104,2026-10-07T07:57:13
opencode-go/deepseek-v4.1-flash@b4@lem,remote,ja_gsd,lemma_accuracy,all,0.8689229412413185,0.8618221344374728,0.8752843958710187,543,1000,1234,4,True,3ed2e3d170afd5167bc4b714067329e24d6234b61e453b482106315359229a17,deepseek-v4.1-flash,0e1f3521fa819f53d225295b028894f9f6879abf0ec1603c520f7d35bea81104,2026-10-07T07:57:13
opencode-go/deepseek-v4.1-flash@b4@lem,remote,ja_gsd,lemma_coverage,all,0.6959490563142551,0.6660935537306716,0.7252385766427829,543,1000,1234,4,True,3ed2e3d170afd5167bc4b714067329e24d6234b61e453b482106315359229a17,deepseek-v4.1-flash,0e1f3521fa819f53d225295b028894f9f6879abf0ec1603c520f7d35bea81104,2026-10-07T07:57:13
opencode-go/deepseek-v4.1-flash@b4@lem,remote,ja_gsd,batch_parse_rate,all,0.8676470588235294,,,136,1000,1234,4,True,3ed2e3d170afd5167bc4b714067329e24d6234b61e453b482106315359229a17,deepseek-v4.1-flash,0e1f3521fa819f53d225295b028894f9f6879abf0ec1603c520f7d35bea81104,2026-10-07T07:57:13
opencode-go/deepseek-v4.1-flash@b4@lem,remote,ja_gsd,boundary_f1,pos0,0.8814553990610329,0.8396350837830849,0.9170354049850543,136,1000,1234,4,True,3ed2e3d170afd5167bc4b714067329e24d6234b61e453b482106315359229a17,deepseek-v4.1-flash,0e1f3521fa819f53d225295b028894f9f6879abf0ec1603c520f7d35bea81104,2026-10-07T07:57:13
opencode-go/deepseek-v4.1-flash@b4@lem,remote,ja_gsd,word_f1,pos0,0.7738936407586464,0.7337364553197319,0.8119389618549162,136,1000,1234,4,True,3ed2e3d170afd5167bc4b714067329e24d6234b61e453b482106315359229a17,deepseek-v4.1-flash,0e1f3521fa819f53d225295b028894f9f6879abf0ec1603c520f7d35bea81104,2026-10-07T07:57:13
opencode-go/deepseek-v4.1-flash@b4@lem,remote,ja_gsd,boundary_f1,pos1,0.8933957358294331,0.8589830790235069,0.9198406949989725,136,1000,1234,4,True,3ed2e3d170afd5167bc4b714067329e24d6234b61e453b482106315359229a17,deepseek-v4.1-flash,0e1f3521fa819f53d225295b028894f9f6879abf0ec1603c520f7d35bea81104,2026-10-07T07:57:13
opencode-go/deepseek-v4.1-flash@b4@lem,remote,ja_gsd,word_f1,pos1,0.7813121272365805,0.7458913632614589,0.8121130073513213,136,1000,1234,4,True,3ed2e3d170afd5167bc4b714067329e24d6234b61e453b482106315359229a17,deepseek-v4.1-flash,0e1f3521fa819f53d225295b028894f9f6879abf0ec1603c520f7d35bea81104,2026-10-07T07:57:13
opencode-go/deepseek-v4.1-flash@b4@lem,remote,ja_gsd,boundary_f1,pos2,0.8991470145509282,0.8738123598901169,0.9193386226580316,136,1000,1234,4,True,3ed2e3d170afd5167bc4b714067329e24d6234b61e453b482106315359229a17,deepseek-v4.1-flash,0e1f3521fa819f53d225295b028894f9f6879abf0ec1603c520f7d35bea81104,2026-10-07T07:57:13
opencode-go/deepseek-v4.1-flash@b4@lem,remote,ja_gsd,word_f1,pos2,0.7822606468139608,0.7499560382588824,0.811685825223199,136,1000,1234,4,True,3ed2e3d170afd5167bc4b714067329e24d6234b61e453b482106315359229a17,deepseek-v4.1-flash,0e1f3521fa819f53d225295b028894f9f6879abf0ec1603c520f7d35bea81104,2026-10-07T07:57:13
opencode-go/deepseek-v4.1-flash@b4@lem,remote,ja_gsd,boundary_f1,pos3,0.8579668348954579,0.7893126587083132,0.9082905307613828,135,1000,1234,4,True,3ed2e3d170afd5167bc4b714067329e24d6234b61e453b482106315359229a17,deepseek-v4.1-flash,0e1f3521fa819f53d225295b028894f9f6879abf0ec1603c520f7d35bea81104,2026-10-07T07:57:13
opencode-go/deepseek-v4.1-flash@b4@lem,remote,ja_gsd,word_f1,pos3,0.7535283993115318,0.6962750159135822,0.80415094402247,135,1000,1234,4,True,3ed2e3d170afd5167bc4b714067329e24d6234b61e453b482106315359229a17,deepseek-v4.1-flash,0e1f3521fa819f53d225295b028894f9f6879abf0ec1603c520f7d35bea81104,2026-10-07T07:57:13
opencode-go/deepseek-v4.1-flash@b8,remote,ja_gsd,boundary_precision,all,0.9975957092657666,0.9965717934231058,0.998516675908345,543,1000,1234,8,False,4b66ecbc60b56f77c3310947d5e544240838dae142e4d4453f0afc0dbb364d0b,deepseek-v4.1-flash,0e1f3521fa819f53d225295b028894f9f6879abf0ec1603c520f7d35bea81104,2026-10-07T07:57:13
opencode-go/deepseek-v4.1-flash@b8,remote,ja_gsd,boundary_recall,all,0.863661836522296,0.8542244772762715,0.8730831389124487,543,1000,1234,8,False,4b66ecbc60b56f77c3310947d5e544240838dae142e4d4453f0afc0dbb364d0b,deepseek-v4.1-flash,0e1f3521fa819f53d225295b028894f9f6879abf0ec1603c520f7d35bea81104,2026-10-07T07:57:13
opencode-go/deepseek-v4.1-flash@b8,remote,ja_gsd,boundary_f1,all,0.9258099120360438,0.9199417733522439,0.931467999565985,543,1000,1234,8,False,4b66ecbc60b56f77c3310947d5e544240838dae142e4d4453f0afc0dbb364d0b,deepseek-v4.1-flash,0e1f3521fa819f53d225295b028894f9f6879abf0ec1603c520f7d35bea81104,2026-10-07T07:57:13
opencode-go/deepseek-v4.1-flash@b8,remote,ja_gsd,word_precision,all,0.8716210266795809,0.8619526869210069,0.8803248786823631,543,1000,1234,8,False,4b66ecbc60b56f77c3310947d5e544240838dae142e4d4453f0afc0dbb364d0b,deepseek-v4.1-flash,0e1f3521fa819f53d225295b028894f9f6879abf0ec1603c520f7d35bea81104,2026-10-07T07:57:13
opencode-go/deepseek-v4.1-flash@b8,remote,ja_gsd,word_recall,all,0.7594752186588921,0.7438774883789274,0.7743467946058866,543,1000,1234,8,False,4b66ecbc60b56f77c3310947d5e544240838dae142e4d4453f0afc0dbb364d0b,deepseek-v4.1-flash,0e1f3521fa819f53d225295b028894f9f6879abf0ec1603c520f7d35bea81104,2026-10-07T07:57:13
opencode-go/deepseek-v4.1-flash@b8,remote,ja_gsd,word_f1,all,0.8116928375220368,0.7980508878377683,0.8244095877830524,543,1000,1234,8,False,4b66ecbc60b56f77c3310947d5e544240838dae142e4d4453f0afc0dbb364d0b,deepseek-v4.1-flash,0e1f3521fa819f53d225295b028894f9f6879abf0ec1603c520f7d35bea81104,2026-10-07T07:57:13
opencode-go/deepseek-v4.1-flash@b8,remote,ja_gsd,parse_rate,all,0.988950276243094,,,543,1000,1234,8,False,4b66ecbc60b56f77c3310947d5e544240838dae142e4d4453f0afc0dbb364d0b,deepseek-v4.1-flash,0e1f3521fa819f53d225295b028894f9f6879abf0ec1603c520f7d35bea81104,2026-10-07T07:57:13
opencode-go/deepseek-v4.1-flash@b8,remote,ja_gsd,word_recall,proper_noun,0.7412140575079872,0.6735824250080795,0.800018115942029,543,1000,1234,8,False,4b66ecbc60b56f77c3310947d5e544240838dae142e4d4453f0afc0dbb364d0b,deepseek-v4.1-flash,0e1f3521fa819f53d225295b028894f9f6879abf0ec1603c520f7d35bea81104,2026-10-07T07:57:13
opencode-go/deepseek-v4.1-flash@b8,remote,ja_gsd,word_recall,katakana,0.7671517671517671,0.716999941467983,0.8156888544891641,543,1000,1234,8,False,4b66ecbc60b56f77c3310947d5e544240838dae142e4d4453f0afc0dbb364d0b,deepseek-v4.1-flash,0e1f3521fa819f53d225295b028894f9f6879abf0ec1603c520f7d35bea81104,2026-10-07T07:57:13
opencode-go/deepseek-v4.1-flash@b8,remote,ja_gsd,word_recall,other,0.759640522875817,0.7440184287766554,0.7752254477904645,543,1000,1234,8,False,4b66ecbc60b56f77c3310947d5e544240838dae142e4d4453f0afc0dbb364d0b,deepseek-v4.1-flash,0e1f3521fa819f53d225295b028894f9f6879abf0ec1603c520f7d35bea81104,2026-10-07T07:57:13
opencode-go/deepseek-v4.1-flash@b8,remote,ja_gsd,batch_parse_rate,all,0.9264705882352942,,,68,1000,1234,8,False,4b66ecbc60b56f77c3310947d5e544240838dae142e4d4453f0afc0dbb364d0b,deepseek-v4.1-flash,0e1f3521fa819f53d225295b028894f9f6879abf0ec1603c520f7d35bea81104,2026-10-07T07:57:13
opencode-go/deepseek-v4.1-flash@b8,remote,ja_gsd,boundary_f1,pos0,0.9251940719830628,0.905913867559825,0.941562184014676,68,1000,1234,8,False,4b66ecbc60b56f77c3310947d5e544240838dae142e4d4453f0afc0dbb364d0b,deepseek-v4.1-flash,0e1f3521fa819f53d225295b028894f9f6879abf0ec1603c520f7d35bea81104,2026-10-07T07:57:13
opencode-go/deepseek-v4.1-flash@b8,remote,ja_gsd,word_f1,pos0,0.8053872053872053,0.7565838786911413,0.8434184174727931,68,1000,1234,8,False,4b66ecbc60b56f77c3310947d5e544240838dae142e4d4453f0afc0dbb364d0b,deepseek-v4.1-flash,0e1f3521fa819f53d225295b028894f9f6879abf0ec1603c520f7d35bea81104,2026-10-07T07:57:13
opencode-go/deepseek-v4.1-flash@b8,remote,ja_gsd,boundary_f1,pos1,0.9233857477417197,0.9061848475785007,0.9374835506116752,68,1000,1234,8,False,4b66ecbc60b56f77c3310947d5e544240838dae142e4d4453f0afc0dbb364d0b,deepseek-v4.1-flash,0e1f3521fa819f53d225295b028894f9f6879abf0ec1603c520f7d35bea81104,2026-10-07T07:57:13
opencode-go/deepseek-v4.1-flash@b8,remote,ja_gsd,word_f1,pos1,0.7968000000000001,0.7594269199729182,0.8349437070979755,68,1000,1234,8,False,4b66ecbc60b56f77c3310947d5e544240838dae142e4d4453f0afc0dbb364d0b,deepseek-v4.1-flash,0e1f3521fa819f53d225295b028894f9f6879abf0ec1603c520f7d35bea81104,2026-10-07T07:57:13
opencode-go/deepseek-v4.1-flash@b8,remote,ja_gsd,boundary_f1,pos2,0.927703134996801,0.9134676613268212,0.9406954552467225,68,1000,1234,8,False,4b66ecbc60b56f77c3310947d5e544240838dae142e4d4453f0afc0dbb364d0b,deepseek-v4.1-flash,0e1f3521fa819f53d225295b028894f9f6879abf0ec1603c520f7d35bea81104,2026-10-07T07:57:13
opencode-go/deepseek-v4.1-flash@b8,remote,ja_gsd,word_f1,pos2,0.8154506437768241,0.7785853860963352,0.8478996926055139,68,1000,1234,8,False,4b66ecbc60b56f77c3310947d5e544240838dae142e4d4453f0afc0dbb364d0b,deepseek-v4.1-flash,0e1f3521fa819f53d225295b028894f9f6879abf0ec1603c520f7d35bea81104,2026-10-07T07:57:13
opencode-go/deepseek-v4.1-flash@b8,remote,ja_gsd,boundary_f1,pos3,0.9282882882882884,0.9000999288411319,0.947709818644069,68,1000,1234,8,False,4b66ecbc60b56f77c3310947d5e544240838dae142e4d4453f0afc0dbb364d0b,deepseek-v4.1-flash,0e1f3521fa819f53d225295b028894f9f6879abf0ec1603c520f7d35bea81104,2026-10-07T07:57:13
opencode-go/deepseek-v4.1-flash@b8,remote,ja_gsd,word_f1,pos3,0.8223978014428032,0.7732451086125233,0.8623593831177523,68,1000,1234,8,False,4b66ecbc60b56f77c3310947d5e544240838dae142e4d4453f0afc0dbb364d0b,deepseek-v4.1-flash,0e1f3521fa819f53d225295b028894f9f6879abf0ec1603c520f7d35bea81104,2026-10-07T07:57:13
opencode-go/deepseek-v4.1-flash@b8,remote,ja_gsd,boundary_f1,pos4,0.9257326374949819,0.9120638036809816,0.9401198707538799,68,1000,1234,8,False,4b66ecbc60b56f77c3310947d5e544240838dae142e4d4453f0afc0dbb364d0b,deepseek-v4.1-flash,0e1f3521fa819f53d225295b028894f9f6879abf0ec1603c520f7d35bea81104,2026-10-07T07:57:13
opencode-go/deepseek-v4.1-flash@b8,remote,ja_gsd,word_f1,pos4,0.8191853825656642,0.7824012804855233,0.8551093253924407,68,1000,1234,8,False,4b66ecbc60b56f77c3310947d5e544240838dae142e4d4453f0afc0dbb364d0b,deepseek-v4.1-flash,0e1f3521fa819f53d225295b028894f9f6879abf0ec1603c520f7d35bea81104,2026-10-07T07:57:13
opencode-go/deepseek-v4.1-flash@b8,remote,ja_gsd,boundary_f1,pos5,0.9257878685191461,0.9137347485463821,0.9381197857238947,68,1000,1234,8,False,4b66ecbc60b56f77c3310947d5e544240838dae142e4d4453f0afc0dbb364d0b,deepseek-v4.1-flash,0e1f3521fa819f53d225295b028894f9f6879abf0ec1603c520f7d35bea81104,2026-10-07T07:57:13
opencode-go/deepseek-v4.1-flash@b8,remote,ja_gsd,word_f1,pos5,0.8117913832199547,0.783157195407498,0.8388305089547359,68,1000,1234,8,False,4b66ecbc60b56f77c3310947d5e544240838dae142e4d4453f0afc0dbb364d0b,deepseek-v4.1-flash,0e1f3521fa819f53d225295b028894f9f6879abf0ec1603c520f7d35bea81104,2026-10-07T07:57:13
opencode-go/deepseek-v4.1-flash@b8,remote,ja_gsd,boundary_f1,pos6,0.9249169435215947,0.9100993184298489,0.9394847608375682,68,1000,1234,8,False,4b66ecbc60b56f77c3310947d5e544240838dae142e4d4453f0afc0dbb364d0b,deepseek-v4.1-flash,0e1f3521fa819f53d225295b028894f9f6879abf0ec1603c520f7d35bea81104,2026-10-07T07:57:13
opencode-go/deepseek-v4.1-flash@b8,remote,ja_gsd,word_f1,pos6,0.8124602670057216,0.7766428886875185,0.8483828867675407,68,1000,1234,8,False,4b66ecbc60b56f77c3310947d5e544240838dae142e4d4453f0afc0dbb364d0b,deepseek-v4.1-flash,0e1f3521fa819f53d225295b028894f9f6879abf0ec1603c520f7d35bea81104,2026-10-07T07:57:13
opencode-go/deepseek-v4.1-flash@b8,remote,ja_gsd,boundary_f1,pos7,0.9255353147970597,0.9107187075449887,0.9381372578189637,67,1000,1234,8,False,4b66ecbc60b56f77c3310947d5e544240838dae142e4d4453f0afc0dbb364d0b,deepseek-v4.1-flash,0e1f3521fa819f53d225295b028894f9f6879abf0ec1603c520f7d35bea81104,2026-10-07T07:57:13
opencode-go/deepseek-v4.1-flash@b8,remote,ja_gsd,word_f1,pos7,0.8115231382163653,0.7773300574651694,0.8433987117358319,67,1000,1234,8,False,4b66ecbc60b56f77c3310947d5e544240838dae142e4d4453f0afc0dbb364d0b,deepseek-v4.1-flash,0e1f3521fa819f53d225295b028894f9f6879abf0ec1603c520f7d35bea81104,2026-10-07T07:57:13
opencode-go/deepseek-v4.1-flash@b8@lem,remote,ja_gsd,boundary_precision,all,0.9978978978978978,0.9967959126177822,0.9988125529293344,543,1000,1234,8,True,3ed2e3d170afd5167bc4b714067329e24d6234b61e453b482106315359229a17,deepseek-v4.1-flash,0e1f3521fa819f53d225295b028894f9f6879abf0ec1603c520f7d35bea81104,2026-10-07T07:57:13
opencode-go/deepseek-v4.1-flash@b8@lem,remote,ja_gsd,boundary_recall,all,0.7980946281322552,0.7743313202677231,0.8219339437850097,543,1000,1234,8,True,3ed2e3d170afd5167bc4b714067329e24d6234b61e453b482106315359229a17,deepseek-v4.1-flash,0e1f3521fa819f53d225295b028894f9f6879abf0ec1603c520f7d35bea81104,2026-10-07T07:57:13
opencode-go/deepseek-v4.1-flash@b8@lem,remote,ja_gsd,boundary_f1,all,0.8868822561273965,0.8692985519535853,0.9006354938262965,543,1000,1234,8,True,3ed2e3d170afd5167bc4b714067329e24d6234b61e453b482106315359229a17,deepseek-v4.1-flash,0e1f3521fa819f53d225295b028894f9f6879abf0ec1603c520f7d35bea81104,2026-10-07T07:57:13
opencode-go/deepseek-v4.1-flash@b8@lem,remote,ja_gsd,word_precision,all,0.8638050823260683,0.8541098687983558,0.87131654538491,543,1000,1234,8,True,3ed2e3d170afd5167bc4b714067329e24d6234b61e453b482106315359229a17,deepseek-v4.1-flash,0e1f3521fa819f53d225295b028894f9f6879abf0ec1603c520f7d35bea81104,2026-10-07T07:57:13
opencode-go/deepseek-v4.1-flash@b8@lem,remote,ja_gsd,word_recall,all,0.6963326684057082,0.6725650169199054,0.7180769117540033,543,1000,1234,8,True,3ed2e3d170afd5167bc4b714067329e24d6234b61e453b482106315359229a17,deepseek-v4.1-flash,0e1f3521fa819f53d225295b028894f9f6879abf0ec1603c520f7d35bea81104,2026-10-07T07:57:13
opencode-go/deepseek-v4.1-flash@b8@lem,remote,ja_gsd,word_f1,all,0.7710802429803323,0.7536717950099587,0.787792985479594,543,1000,1234,8,True,3ed2e3d170afd5167bc4b714067329e24d6234b61e453b482106315359229a17,deepseek-v4.1-flash,0e1f3521fa819f53d225295b028894f9f6879abf0ec1603c520f7d35bea81104,2026-10-07T07:57:13
opencode-go/deepseek-v4.1-flash@b8@lem,remote,ja_gsd,parse_rate,all,0.9521178637200737,,,543,1000,1234,8,True,3ed2e3d170afd5167bc4b714067329e24d6234b61e453b482106315359229a17,deepseek-v4.1-flash,0e1f3521fa819f53d225295b028894f9f6879abf0ec1603c520f7d35bea81104,2026-10-07T07:57:13
opencode-go/deepseek-v4.1-flash@b8@lem,remote,ja_gsd,word_recall,proper_noun,0.7476038338658147,0.6782174932340418,0.8098415605824709,543,1000,1234,8,True,3ed2e3d170afd5167bc4b714067329e24d6234b61e453b482106315359229a17,deepseek-v4.1-flash,0e1f3521fa819f53d225295b028894f9f6879abf0ec1603c520f7d35bea81104,2026-10-07T07:57:13
opencode-go/deepseek-v4.1-flash@b8@lem,remote,ja_gsd,word_recall,katakana,0.7027027027027027,0.6432502947091048,0.7592734109655507,543,1000,1234,8,True,3ed2e3d170afd5167bc4b714067329e24d6234b61e453b482106315359229a17,deepseek-v4.1-flash,0e1f3521fa819f53d225295b028894f9f6879abf0ec1603c520f7d35bea81104,2026-10-07T07:57:13
opencode-go/deepseek-v4.1-flash@b8@lem,remote,ja_gsd,word_recall,other,0.6947712418300653,0.6716857271526874,0.7186392014152253,543,1000,1234,8,True,3ed2e3d170afd5167bc4b714067329e24d6234b61e453b482106315359229a17,deepseek-v4.1-flash,0e1f3521fa819f53d225295b028894f9f6879abf0ec1603c520f7d35bea81104,2026-10-07T07:57:13
opencode-go/deepseek-v4.1-flash@b8@lem,remote,ja_gsd,lemma_accuracy,all,0.871749669457911,0.8646553038907786,0.8791788117796303,543,1000,1234,8,True,3ed2e3d170afd5167bc4b714067329e24d6234b61e453b482106315359229a17,deepseek-v4.1-flash,0e1f3521fa819f53d225295b028894f9f6879abf0ec1603c520f7d35bea81104,2026-10-07T07:57:13
opencode-go/deepseek-v4.1-flash@b8@lem,remote,ja_gsd,lemma_coverage,all,0.6963326684057082,0.671085925383137,0.719077531262152,543,1000,1234,8,True,3ed2e3d170afd5167bc4b714067329e24d6234b61e453b482106315359229a17,deepseek-v4.1-flash,0e1f3521fa819f53d225295b028894f9f6879abf0ec1603c520f7d35bea81104,2026-10-07T07:57:13
opencode-go/deepseek-v4.1-flash@b8@lem,remote,ja_gsd,batch_parse_rate,all,0.7205882352941176,,,68,1000,1234,8,True,3ed2e3d170afd5167bc4b714067329e24d6234b61e453b482106315359229a17,deepseek-v4.1-flash,0e1f3521fa819f53d225295b028894f9f6879abf0ec1603c520f7d35bea81104,2026-10-07T07:57:13
opencode-go/deepseek-v4.1-flash@b8@lem,remote,ja_gsd,boundary_f1,pos0,0.8521870286576169,0.7731206178535484,0.9113209189691261,68,1000,1234,8,True,3ed2e3d170afd5167bc4b714067329e24d6234b61e453b482106315359229a17,deepseek-v4.1-flash,0e1f3521fa819f53d225295b028894f9f6879abf0ec1603c520f7d35bea81104,2026-10-07T07:57:13
opencode-go/deepseek-v4.1-flash@b8@lem,remote,ja_gsd,word_f1,pos0,0.747394897592526,0.6732714265596608,0.8137557656688004,68,1000,1234,8,True,3ed2e3d170afd5167bc4b714067329e24d6234b61e453b482106315359229a17,deepseek-v4.1-flash,0e1f3521fa819f53d225295b028894f9f6879abf0ec1603c520f7d35bea81104,2026-10-07T07:57:13
opencode-go/deepseek-v4.1-flash@b8@lem,remote,ja_gsd,boundary_f1,pos1,0.8451612903225807,0.7747165734621251,0.903814912109132,68,1000,1234,8,True,3ed2e3d170afd5167bc4b714067329e24d6234b61e453b482106315359229a17,deepseek-v4.1-flash,0e1f3521fa819f53d225295b028894f9f6879abf0ec1603c520f7d35bea81104,2026-10-07T07:57:13
opencode-go/deepseek-v4.1-flash@b8@lem,remote,ja_gsd,word_f1,pos1,0.7237247517973298,0.6546473587622895,0.7829355951397655,68,1000,1234,8,True,3ed2e3d170afd5167bc4b714067329e24d6234b61e453b482106315359229a17,deepseek-v4.1-flash,0e1f3521fa819f53d225295b028894f9f6879abf0ec1603c520f7d35bea81104,2026-10-07T07:57:13
opencode-go/deepseek-v4.1-flash@b8@lem,remote,ja_gsd,boundary_f1,pos2,0.900983606557377,0.8744407099537723,0.9245307595011371,68,1000,1234,8,True,3ed2e3d170afd5167bc4b714067329e24d6234b61e453b482106315359229a17,deepseek-v4.1-flash,0e1f3521fa819f53d225295b028894f9f6879abf0ec1603c520f7d35bea81104,2026-10-07T07:57:13
opencode-go/deepseek-v4.1-flash@b8@lem,remote,ja_gsd,word_f1,pos2,0.7875549968573224,0.7499179391686337,0.8253057775473389,68,1000,1234,8,True,3ed2e3d170afd5167bc4b714067329e24d6234b61e453b482106315359229a17,deepseek-v4.1-flash,0e1f3521fa819f53d225295b028894f9f6879abf0ec1603c520f7d35bea81104,2026-10-07T07:57:13
opencode-go/deepseek-v4.1-flash@b8@lem,remote,ja_gsd,boundary_f1,pos3,0.8836336336336337,0.8293330473990209,0.9220240812833315,68,1000,1234,8,True,3ed2e3d170afd5167bc4b714067329e24d6234b61e453b482106315359229a17,deepseek-v4.1-flash,0e1f3521fa819f53d225295b028894f9f6879abf0ec1603c520f7d35bea81104,2026-10-07T07:57:13
opencode-go/deepseek-v4.1-flash@b8@lem,remote,ja_gsd,word_f1,pos3,0.7753934191702432,0.7260069278040485,0.8163821697889547,68,1000,1234,8,True,3ed2e3d170afd5167bc4b714067329e24d6234b61e453b482106315359229a17,deepseek-v4.1-flash,0e1f3521fa819f53d225295b028894f9f6879abf0ec1603c520f7d35bea81104,2026-10-07T07:57:13
opencode-go/deepseek-v4.1-flash@b8@lem,remote,ja_gsd,boundary_f1,pos4,0.9130081300813009,0.8915501047026455,0.9318741442263807,68,1000,1234,8,True,3ed2e3d170afd5167bc4b714067329e24d6234b61e453b482106315359229a17,deepseek-v4.1-flash,0e1f3521fa819f53d225295b028894f9f6879abf0ec1603c520f7d35bea81104,2026-10-07T07:57:13
opencode-go/deepseek-v4.1-flash@b8@lem,remote,ja_gsd,word_f1,pos4,0.7992292870905588,0.768072263803955,0.8324834973282723,68,1000,1234,8,True,3ed2e3d170afd5167bc4b714067329e24d6234b61e453b482106315359229a17,deepseek-v4.1-flash,0e1f3521fa819f53d225295b028894f9f6879abf0ec1603c520f7d35bea81104,2026-10-07T07:57:13
opencode-go/deepseek-v4.1-flash@b8@lem,remote,ja_gsd,boundary_f1,pos5,0.8925446272313616,0.8504936655532485,0.9227168937619757,68,1000,1234,8,True,3ed2e3d170afd5167bc4b714067329e24d6234b61e453b482106315359229a17,deepseek-v4.1-flash,0e1f3521fa819f53d225295b028894f9f6879abf0ec1603c520f7d35bea81104,2026-10-07T07:57:13
opencode-go/deepseek-v4.1-flash@b8@lem,remote,ja_gsd,word_f1,pos5,0.7781866845098695,0.7350773449407797,0.8145856336917768,68,1000,1234,8,True,3ed2e3d170afd5167bc4b714067329e24d6234b61e453b482106315359229a17,deepseek-v4.1-flash,0e1f3521fa819f53d225295b028894f9f6879abf0ec1603c520f7d35bea81104,2026-10-07T07:57:13
opencode-go/deepseek-v4.1-flash@b8@lem,remote,ja_gsd,boundary_f1,pos6,0.9133646742780388,0.8978842835353077,0.9295866069205717,68,1000,1234,8,True,3ed2e3d170afd5167bc4b714067329e24d6234b61e453b482106315359229a17,deepseek-v4.1-flash,0e1f3521fa819f53d225295b028894f9f6879abf0ec1603c520f7d35bea81104,2026-10-07T07:57:13
opencode-go/deepseek-v4.1-flash@b8@lem,remote,ja_gsd,word_f1,pos6,0.7876646321876004,0.7505558611932802,0.8271582417982877,68,1000,1234,8,True,3ed2e3d170afd5167bc4b714067329e24d6234b61e453b482106315359229a17,deepseek-v4.1-flash,0e1f3521fa819f53d225295b028894f9f6879abf0ec1603c520f7d35bea81104,2026-10-07T07:57:13
opencode-go/deepseek-v4.1-flash@b8@lem,remote,ja_gsd,boundary_f1,pos7,0.8917491749174917,0.8523146368635013,0.9210090808011707,67,1000,1234,8,True,3ed2e3d170afd5167bc4b714067329e24d6234b61e453b482106315359229a17,deepseek-v4.1-flash,0e1f3521fa819f53d225295b028894f9f6879abf0ec1603c520f7d35bea81104,2026-10-07T07:57:13
opencode-go/deepseek-v4.1-flash@b8@lem,remote,ja_gsd,word_f1,pos7,0.7691334598355472,0.7264917294737544,0.806458501971996,67,1000,1234,8,True,3ed2e3d170afd5167bc4b714067329e24d6234b61e453b482106315359229a17,deepseek-v4.1-flash,0e1f3521fa819f53d225295b028894f9f6879abf0ec1603c520f7d35bea81104,2026-10-07T07:57:13
opencode-go/deepseek-v4.1-flash@lem,remote,ja_gsd,boundary_precision,all,0.9957995799579958,0.9943227235146271,0.9970963666737979,543,1000,1234,1,True,cdb0c645f95239e3822e498025881fa1b5b96cda41087228a270b92cceead11e,deepseek-v4.1-flash,0e1f3521fa819f53d225295b028894f9f6879abf0ec1603c520f7d35bea81104,2026-10-07T07:57:13
opencode-go/deepseek-v4.1-flash@lem,remote,ja_gsd,boundary_recall,all,0.7971339364342327,0.7594703887451335,0.8374228831283309,543,1000,1234,1,True,cdb0c645f95239e3822e498025881fa1b5b96cda41087228a270b92cceead11e,deepseek-v4.1-flash,0e1f3521fa819f53d225295b028894f9f6879abf0ec1603c520f7d35bea81104,2026-10-07T07:57:13
opencode-go/deepseek-v4.1-flash@lem,remote,ja_gsd,boundary_f1,all,0.885460204535349,0.8586285585227194,0.9092700188783435,543,1000,1234,1,True,cdb0c645f95239e3822e498025881fa1b5b96cda41087228a270b92cceead11e,deepseek-v4.1-flash,0e1f3521fa819f53d225295b028894f9f6879abf0ec1603c520f7d35bea81104,2026-10-07T07:57:13
opencode-go/deepseek-v4.1-flash@lem,remote,ja_gsd,word_precision,all,0.8974700399467377,0.8895884752040705,0.9051665464541806,543,1000,1234,1,True,cdb0c645f95239e3822e498025881fa1b5b96cda41087228a270b92cceead11e,deepseek-v4.1-flash,0e1f3521fa819f53d225295b028894f9f6879abf0ec1603c520f7d35bea81104,2026-10-07T07:57:13
opencode-go/deepseek-v4.1-flash@lem,remote,ja_gsd,word_recall,all,0.723952738990333,0.6867733114833582,0.7603701716932476,543,1000,1234,1,True,cdb0c645f95239e3822e498025881fa1b5b96cda41087228a270b92cceead11e,deepseek-v4.1-flash,0e1f3521fa819f53d225295b028894f9f6879abf0ec1603c520f7d35bea81104,2026-10-07T07:57:13
opencode-go/deepseek-v4.1-flash@lem,remote,ja_gsd,word_f1,all,0.8014268727705112,0.7768521106875864,0.8245653247287446,543,1000,1234,1,True,cdb0c645f95239e3822e498025881fa1b5b96cda41087228a270b92cceead11e,deepseek-v4.1-flash,0e1f3521fa819f53d225295b028894f9f6879abf0ec1603c520f7d35bea81104,2026-10-07T07:57:13
opencode-go/deepseek-v4.1-flash@lem,remote,ja_gsd,parse_rate,all,0.9484346224677717,,,543,1000,1234,1,True,cdb0c645f95239e3822e498025881fa1b5b96cda41087228a270b92cceead11e,deepseek-v4.1-flash,0e1f3521fa819f53d225295b028894f9f6879abf0ec1603c520f7d35bea81104,2026-10-07T07:57:13
opencode-go/deepseek-v4.1-flash@lem,remote,ja_gsd,word_recall,proper_noun,0.7955271565495208,0.7198259843036093,0.863661995898838,543,1000,1234,1,True,cdb0c645f95239e3822e498025881fa1b5b96cda41087228a270b92cceead11e,deepseek-v4.1-flash,0e1f3521fa819f53d225295b028894f9f6879abf0ec1603c520f7d35bea81104,2026-10-07T07:57:13
opencode-go/deepseek-v4.1-flash@lem,remote,ja_gsd,word_recall,katakana,0.7234927234927235,0.6648022912650964,0.780174621139151,543,1000,1234,1,True,cdb0c645f95239e3822e498025881fa1b5b96cda41087228a270b92cceead11e,deepseek-v4.1-flash,0e1f3521fa819f53d225295b028894f9f6879abf0ec1603c520f7d35bea81104,2026-10-07T07:57:13
opencode-go/deepseek-v4.1-flash@lem,remote,ja_gsd,word_recall,other,0.722140522875817,0.6812324726390423,0.7579572026179403,543,1000,1234,1,True,cdb0c645f95239e3822e498025881fa1b5b96cda41087228a270b92cceead11e,deepseek-v4.1-flash,0e1f3521fa819f53d225295b028894f9f6879abf0ec1603c520f7d35bea81104,2026-10-07T07:57:13
opencode-go/deepseek-v4.1-flash@lem,remote,ja_gsd,lemma_accuracy,all,0.8644552776600254,0.8573050672654937,0.8717000710865823,543,1000,1234,1,True,cdb0c645f95239e3822e498025881fa1b5b96cda41087228a270b92cceead11e,deepseek-v4.1-flash,0e1f3521fa819f53d225295b028894f9f6879abf0ec1603c520f7d35bea81104,2026-10-07T07:57:13
opencode-go/deepseek-v4.1-flash@lem,remote,ja_gsd,lemma_coverage,all,0.723952738990333,0.6844280290230289,0.7587774910866563,543,1000,1234,1,True,cdb0c645f95239e3822e498025881fa1b5b96cda41087228a270b92cceead11e,deepseek-v4.1-flash,0e1f3521fa819f53d225295b028894f9f6879abf0ec1603c520f7d35bea81104,2026-10-07T07:57:13
qwen2.5:32b,local,ja_gsd,boundary_precision,all,0.9900527325023969,0.9877632723603889,0.9921052791378494,543,1000,1234,1,False,8295877ae96590fd4e706e482ec81e78d36954d18a3848c13b0ece0cb8e06f1c,qwen2.5:32b,0e1f3521fa819f53d225295b028894f9f6879abf0ec1603c520f7d35bea81104,2026-10-07T07:57:13
qwen2.5:32b,local,ja_gsd,boundary_recall,all,0.6613561764470419,0.6476519412529784,0.6760745894579656,543,1000,1234,1,False,8295877ae96590fd4e706e482ec81e78d36954d18a3848c13b0ece0cb8e06f1c,qwen2.5:32b,0e1f3521fa819f53d225295b028894f9f6879abf0ec1603c520f7d35bea81104,2026-10-07T07:57:13
qwen2.5:32b,local,ja_gsd,boundary_f1,all,0.7929925605951523,0.7827030461491535,0.8038152060827664,543,1000,1234,1,False,8295877ae96590fd4e706e482ec81e78d36954d18a3848c13b0ece0cb8e06f1c,qwen2.5:32b,0e1f3521fa819f53d225295b028894f9f6879abf0ec1603c520f7d35bea81104,2026-10-07T07:57:13
qwen2.5:32b,local,ja_gsd,word_precision,all,0.6930258717660293,0.67683897359582,0.7093314943473128,543,1000,1234,1,False,8295877ae96590fd4e706e482ec81e78d36954d18a3848c13b0ece0cb8e06f1c,qwen2.5:32b,0e1f3521fa819f53d225295b028894f9f6879abf0ec1603c520f7d35bea81104,2026-10-07T07:57:13
qwen2.5:32b,local,ja_gsd,word_recall,all,0.47268681908853766,0.4516074768440731,0.4941011958883016,543,1000,1234,1,False,8295877ae96590fd4e706e482ec81e78d36954d18a3848c13b0ece0cb8e06f1c,qwen2.5:32b,0e1f3521fa819f53d225295b028894f9f6879abf0ec1603c520f7d35bea81104,2026-10-07T07:57:13
qwen2.5:32b,local,ja_gsd,word_f1,all,0.5620324758255792,0.540794031822342,0.5803320588373709,543,1000,1234,1,False,8295877ae96590fd4e706e482ec81e78d36954d18a3848c13b0ece0cb8e06f1c,qwen2.5:32b,0e1f3521fa819f53d225295b028894f9f6879abf0ec1603c520f7d35bea81104,2026-10-07T07:57:13
qwen2.5:32b,local,ja_gsd,parse_rate,all,0.6795580110497238,,,543,1000,1234,1,False,8295877ae96590fd4e706e482ec81e78d36954d18a3848c13b0ece0cb8e06f1c,qwen2.5:32b,0e1f3521fa819f53d225295b028894f9f6879abf0ec1603c520f7d35bea81104,2026-10-07T07:57:13
qwen2.5:32b,local,ja_gsd,word_recall,proper_noun,0.5686900958466453,0.49996031746031744,0.6324587449788297,543,1000,1234,1,False,8295877ae96590fd4e706e482ec81e78d36954d18a3848c13b0ece0cb8e06f1c,qwen2.5:32b,0e1f3521fa819f53d225295b028894f9f6879abf0ec1603c520f7d35bea81104,2026-10-07T07:57:13
qwen2.5:32b,local,ja_gsd,word_recall,katakana,0.6174636174636174,0.5572026190140597,0.6769339622641509,543,1000,1234,1,False,8295877ae96590fd4e706e482ec81e78d36954d18a3848c13b0ece0cb8e06f1c,qwen2.5:32b,0e1f3521fa819f53d225295b028894f9f6879abf0ec1603c520f7d35bea81104,2026-10-07T07:57:13
qwen2.5:32b,local,ja_gsd,word_recall,other,0.46454248366013073,0.44404875370392893,0.48576913653262177,543,1000,1234,1,False,8295877ae96590fd4e706e482ec81e78d36954d18a3848c13b0ece0cb8e06f1c,qwen2.5:32b,0e1f3521fa819f53d225295b028894f9f6879abf0ec1603c520f7d35bea81104,2026-10-07T07:57:13
sakana-namazu,remote,ja_gsd,boundary_precision,all,0.9959349593495935,0.9946049996671873,0.997206856266834,542,1000,1234,1,False,8295877ae96590fd4e706e482ec81e78d36954d18a3848c13b0ece0cb8e06f1c,sakana-namazu,0e1f3521fa819f53d225295b028894f9f6879abf0ec1603c520f7d35bea81104,2026-10-07T07:57:13
sakana-namazu,remote,ja_gsd,boundary_recall,all,0.82458530330956,0.803425827228508,0.8432401747446763,542,1000,1234,1,False,8295877ae96590fd4e706e482ec81e78d36954d18a3848c13b0ece0cb8e06f1c,sakana-namazu,0e1f3521fa819f53d225295b028894f9f6879abf0ec1603c520f7d35bea81104,2026-10-07T07:57:13
sakana-namazu,remote,ja_gsd,boundary_f1,all,0.9021963087983867,0.8906488043262772,0.9137064737797106,542,1000,1234,1,False,8295877ae96590fd4e706e482ec81e78d36954d18a3848c13b0ece0cb8e06f1c,sakana-namazu,0e1f3521fa819f53d225295b028894f9f6879abf0ec1603c520f7d35bea81104,2026-10-07T07:57:13
sakana-namazu,remote,ja_gsd,word_precision,all,0.8612030905077263,0.8501187581096923,0.8712827020052628,542,1000,1234,1,False,8295877ae96590fd4e706e482ec81e78d36954d18a3848c13b0ece0cb8e06f1c,sakana-namazu,0e1f3521fa819f53d225295b028894f9f6879abf0ec1603c520f7d35bea81104,2026-10-07T07:57:13
sakana-namazu,remote,ja_gsd,word_recall,all,0.7190691959142923,0.6959844974832388,0.742239182342061,542,1000,1234,1,False,8295877ae96590fd4e706e482ec81e78d36954d18a3848c13b0ece0cb8e06f1c,sakana-namazu,0e1f3521fa819f53d225295b028894f9f6879abf0ec1603c520f7d35bea81104,2026-10-07T07:57:13
sakana-namazu,remote,ja_gsd,word_f1,all,0.7837441928598334,0.7652654059729201,0.8012800612593303,542,1000,1234,1,False,8295877ae96590fd4e706e482ec81e78d36954d18a3848c13b0ece0cb8e06f1c,sakana-namazu,0e1f3521fa819f53d225295b028894f9f6879abf0ec1603c520f7d35bea81104,2026-10-07T07:57:13
sakana-namazu,remote,ja_gsd,parse_rate,all,0.977859778597786,,,542,1000,1234,1,False,8295877ae96590fd4e706e482ec81e78d36954d18a3848c13b0ece0cb8e06f1c,sakana-namazu,0e1f3521fa819f53d225295b028894f9f6879abf0ec1603c520f7d35bea81104,2026-10-07T07:57:13
sakana-namazu,remote,ja_gsd,word_recall,proper_noun,0.625,0.5486909313428004,0.7025534032616185,542,1000,1234,1,False,8295877ae96590fd4e706e482ec81e78d36954d18a3848c13b0ece0cb8e06f1c,sakana-namazu,0e1f3521fa819f53d225295b028894f9f6879abf0ec1603c520f7d35bea81104,2026-10-07T07:57:13
sakana-namazu,remote,ja_gsd,word_recall,katakana,0.7166666666666667,0.660710656213705,0.7742095706045716,542,1000,1234,1,False,8295877ae96590fd4e706e482ec81e78d36954d18a3848c13b0ece0cb8e06f1c,sakana-namazu,0e1f3521fa819f53d225295b028894f9f6879abf0ec1603c520f7d35bea81104,2026-10-07T07:57:13
sakana-namazu,remote,ja_gsd,word_recall,other,0.7215634966064274,0.6984693125022342,0.7430257446185163,542,1000,1234,1,False,8295877ae96590fd4e706e482ec81e78d36954d18a3848c13b0ece0cb8e06f1c,sakana-namazu,0e1f3521fa819f53d225295b028894f9f6879abf0ec1603c520f7d35bea81104,2026-10-07T07:57:13
sakana-namazu@b1,remote,ja_gsd,boundary_precision,all,0.9958041958041958,0.9943715371695581,0.9971852914890166,543,1000,1234,1,False,4b66ecbc60b56f77c3310947d5e544240838dae142e4d4453f0afc0dbb364d0b,sakana-namazu,0e1f3521fa819f53d225295b028894f9f6879abf0ec1603c520f7d35bea81104,2026-10-07T07:57:13
sakana-namazu@b1,remote,ja_gsd,boundary_recall,all,0.8550156112400928,0.8399211265610618,0.8689526721572434,543,1000,1234,1,False,4b66ecbc60b56f77c3310947d5e544240838dae142e4d4453f0afc0dbb364d0b,sakana-namazu,0e1f3521fa819f53d225295b028894f9f6879abf0ec1603c520f7d35bea81104,2026-10-07T07:57:13
sakana-namazu@b1,remote,ja_gsd,boundary_f1,all,0.9200551343900757,0.9120883263612869,0.9279407863169674,543,1000,1234,1,False,4b66ecbc60b56f77c3310947d5e544240838dae142e4d4453f0afc0dbb364d0b,sakana-namazu,0e1f3521fa819f53d225295b028894f9f6879abf0ec1603c520f7d35bea81104,2026-10-07T07:57:13
sakana-namazu@b1,remote,ja_gsd,word_precision,all,0.8771633975326174,0.8673574714964876,0.8870057768192517,543,1000,1234,1,False,4b66ecbc60b56f77c3310947d5e544240838dae142e4d4453f0afc0dbb364d0b,sakana-namazu,0e1f3521fa819f53d225295b028894f9f6879abf0ec1603c520f7d35bea81104,2026-10-07T07:57:13
sakana-namazu@b1,remote,ja_gsd,word_recall,all,0.7582476599662421,0.7371027500465123,0.7784354713283617,543,1000,1234,1,False,4b66ecbc60b56f77c3310947d5e544240838dae142e4d4453f0afc0dbb364d0b,sakana-namazu,0e1f3521fa819f53d225295b028894f9f6879abf0ec1603c520f7d35bea81104,2026-10-07T07:57:13
sakana-namazu@b1,remote,ja_gsd,word_f1,all,0.81338216534299,0.7982943866560184,0.8291655248779668,543,1000,1234,1,False,4b66ecbc60b56f77c3310947d5e544240838dae142e4d4453f0afc0dbb364d0b,sakana-namazu,0e1f3521fa819f53d225295b028894f9f6879abf0ec1603c520f7d35bea81104,2026-10-07T07:57:13
sakana-namazu@b1,remote,ja_gsd,parse_rate,all,0.9760589318600368,,,543,1000,1234,1,False,4b66ecbc60b56f77c3310947d5e544240838dae142e4d4453f0afc0dbb364d0b,sakana-namazu,0e1f3521fa819f53d225295b028894f9f6879abf0ec1603c520f7d35bea81104,2026-10-07T07:57:13
sakana-namazu@b1,remote,ja_gsd,word_recall,proper_noun,0.6773162939297125,0.6038044145637625,0.7491975812257042,543,1000,1234,1,False,4b66ecbc60b56f77c3310947d5e544240838dae142e4d4453f0afc0dbb364d0b,sakana-namazu,0e1f3521fa819f53d225295b028894f9f6879abf0ec1603c520f7d35bea81104,2026-10-07T07:57:13
sakana-namazu@b1,remote,ja_gsd,word_recall,katakana,0.7297297297297297,0.6707909205254218,0.7840810558809894,543,1000,1234,1,False,4b66ecbc60b56f77c3310947d5e544240838dae142e4d4453f0afc0dbb364d0b,sakana-namazu,0e1f3521fa819f53d225295b028894f9f6879abf0ec1603c520f7d35bea81104,2026-10-07T07:57:13
sakana-namazu@b1,remote,ja_gsd,word_recall,other,0.761437908496732,0.7418305378631389,0.7813338635809853,543,1000,1234,1,False,4b66ecbc60b56f77c3310947d5e544240838dae142e4d4453f0afc0dbb364d0b,sakana-namazu,0e1f3521fa819f53d225295b028894f9f6879abf0ec1603c520f7d35bea81104,2026-10-07T07:57:13
sakana-namazu@b1,remote,ja_gsd,batch_parse_rate,all,0.9760589318600368,,,543,1000,1234,1,False,4b66ecbc60b56f77c3310947d5e544240838dae142e4d4453f0afc0dbb364d0b,sakana-namazu,0e1f3521fa819f53d225295b028894f9f6879abf0ec1603c520f7d35bea81104,2026-10-07T07:57:13
sakana-namazu@b1,remote,ja_gsd,boundary_f1,pos0,0.9200551343900757,0.910833426702523,0.9283878713648257,543,1000,1234,1,False,4b66ecbc60b56f77c3310947d5e544240838dae142e4d4453f0afc0dbb364d0b,sakana-namazu,0e1f3521fa819f53d225295b028894f9f6879abf0ec1603c520f7d35bea81104,2026-10-07T07:57:13
sakana-namazu@b1,remote,ja_gsd,word_f1,pos0,0.81338216534299,0.7959032430015808,0.8280620925190711,543,1000,1234,1,False,4b66ecbc60b56f77c3310947d5e544240838dae142e4d4453f0afc0dbb364d0b,sakana-namazu,0e1f3521fa819f53d225295b028894f9f6879abf0ec1603c520f7d35bea81104,2026-10-07T07:57:13
sakana-namazu@b1@lem,remote,ja_gsd,boundary_precision,all,0.9947789766794292,0.993068976266891,0.9964162522646919,543,1000,1234,1,True,3ed2e3d170afd5167bc4b714067329e24d6234b61e453b482106315359229a17,sakana-namazu,0e1f3521fa819f53d225295b028894f9f6879abf0ec1603c520f7d35bea81104,2026-10-07T07:57:13
sakana-namazu@b1@lem,remote,ja_gsd,boundary_recall,all,0.6864142182371308,0.6415816278547799,0.7314305301277569,543,1000,1234,1,True,3ed2e3d170afd5167bc4b714067329e24d6234b61e453b482106315359229a17,sakana-namazu,0e1f3521fa819f53d225295b028894f9f6879abf0ec1603c520f7d35bea81104,2026-10-07T07:57:13
sakana-namazu@b1@lem,remote,ja_gsd,boundary_f1,all,0.8123164377072478,0.7785030089842839,0.8427569045656991,543,1000,1234,1,True,3ed2e3d170afd5167bc4b714067329e24d6234b61e453b482106315359229a17,sakana-namazu,0e1f3521fa819f53d225295b028894f9f6879abf0ec1603c520f7d35bea81104,2026-10-07T07:57:13
sakana-namazu@b1@lem,remote,ja_gsd,word_precision,all,0.8700241917747966,0.8606776442519952,0.8782121775354705,543,1000,1234,1,True,3ed2e3d170afd5167bc4b714067329e24d6234b61e453b482106315359229a17,sakana-namazu,0e1f3521fa819f53d225295b028894f9f6879abf0ec1603c520f7d35bea81104,2026-10-07T07:57:13
sakana-namazu@b1@lem,remote,ja_gsd,word_recall,all,0.6070277735154213,0.5700117778306585,0.6459324860263855,543,1000,1234,1,True,3ed2e3d170afd5167bc4b714067329e24d6234b61e453b482106315359229a17,sakana-namazu,0e1f3521fa819f53d225295b028894f9f6879abf0ec1603c520f7d35bea81104,2026-10-07T07:57:13
sakana-namazu@b1@lem,remote,ja_gsd,word_f1,all,0.7151120751988431,0.6849899700708524,0.7424535815948369,543,1000,1234,1,True,3ed2e3d170afd5167bc4b714067329e24d6234b61e453b482106315359229a17,sakana-namazu,0e1f3521fa819f53d225295b028894f9f6879abf0ec1603c520f7d35bea81104,2026-10-07T07:57:13
sakana-namazu@b1@lem,remote,ja_gsd,parse_rate,all,0.8747697974217311,,,543,1000,1234,1,True,3ed2e3d170afd5167bc4b714067329e24d6234b61e453b482106315359229a17,sakana-namazu,0e1f3521fa819f53d225295b028894f9f6879abf0ec1603c520f7d35bea81104,2026-10-07T07:57:13
sakana-namazu@b1@lem,remote,ja_gsd,word_recall,proper_noun,0.4984025559105431,0.41715396672293226,0.5833407473309609,543,1000,1234,1,True,3ed2e3d170afd5167bc4b714067329e24d6234b61e453b482106315359229a17,sakana-namazu,0e1f3521fa819f53d225295b028894f9f6879abf0ec1603c520f7d35bea81104,2026-10-07T07:57:13
sakana-namazu@b1@lem,remote,ja_gsd,word_recall,katakana,0.5841995841995842,0.5243538823002909,0.6520835007160041,543,1000,1234,1,True,3ed2e3d170afd5167bc4b714067329e24d6234b61e453b482106315359229a17,sakana-namazu,0e1f3521fa819f53d225295b028894f9f6879abf0ec1603c520f7d35bea81104,2026-10-07T07:57:13
sakana-namazu@b1@lem,remote,ja_gsd,word_recall,other,0.610702614379085,0.5730954823334636,0.6497279441642625,543,1000,1234,1,True,3ed2e3d170afd5167bc4b714067329e24d6234b61e453b482106315359229a17,sakana-namazu,0e1f3521fa819f53d225295b028894f9f6879abf0ec1603c520f7d35bea81104,2026-10-07T07:57:13
sakana-namazu@b1@lem,remote,ja_gsd,lemma_accuracy,all,0.8471941354903944,0.8387751332281065,0.8554118922889917,543,1000,1234,1,True,3ed2e3d170afd5167bc4b714067329e24d6234b61e453b482106315359229a17,sakana-namazu,0e1f3521fa819f53d225295b028894f9f6879abf0ec1603c520f7d35bea81104,2026-10-07T07:57:13
sakana-namazu@b1@lem,remote,ja_gsd,lemma_coverage,all,0.6070277735154213,0.5698927469457278,0.6463919086320327,543,1000,1234,1,True,3ed2e3d170afd5167bc4b714067329e24d6234b61e453b482106315359229a17,sakana-namazu,0e1f3521fa819f53d225295b028894f9f6879abf0ec1603c520f7d35bea81104,2026-10-07T07:57:13
sakana-namazu@b1@lem,remote,ja_gsd,batch_parse_rate,all,0.8747697974217311,,,543,1000,1234,1,True,3ed2e3d170afd5167bc4b714067329e24d6234b61e453b482106315359229a17,sakana-namazu,0e1f3521fa819f53d225295b028894f9f6879abf0ec1603c520f7d35bea81104,2026-10-07T07:57:13
sakana-namazu@b1@lem,remote,ja_gsd,boundary_f1,pos0,0.8123164377072478,0.7815071524523188,0.8425342541249866,543,1000,1234,1,True,3ed2e3d170afd5167bc4b714067329e24d6234b61e453b482106315359229a17,sakana-namazu,0e1f3521fa819f53d225295b028894f9f6879abf0ec1603c520f7d35bea81104,2026-10-07T07:57:13
sakana-namazu@b1@lem,remote,ja_gsd,word_f1,pos0,0.7151120751988431,0.6876488971377998,0.7413092669569907,543,1000,1234,1,True,3ed2e3d170afd5167bc4b714067329e24d6234b61e453b482106315359229a17,sakana-namazu,0e1f3521fa819f53d225295b028894f9f6879abf0ec1603c520f7d35bea81104,2026-10-07T07:57:13
sakana-namazu@b2,remote,ja_gsd,boundary_precision,all,0.9960215970446149,0.9945645918038952,0.9972505655100364,543,1000,1234,2,False,4b66ecbc60b56f77c3310947d5e544240838dae142e4d4453f0afc0dbb364d0b,sakana-namazu,0e1f3521fa819f53d225295b028894f9f6879abf0ec1603c520f7d35bea81104,2026-10-07T07:57:13
sakana-namazu@b2,remote,ja_gsd,boundary_recall,all,0.8418061003922824,0.8221295932559219,0.8583537795716851,543,1000,1234,2,False,4b66ecbc60b56f77c3310947d5e544240838dae142e4d4453f0afc0dbb364d0b,sakana-namazu,0e1f3521fa819f53d225295b028894f9f6879abf0ec1603c520f7d35bea81104,2026-10-07T07:57:13
sakana-namazu@b2,remote,ja_gsd,boundary_f1,all,0.9124435959736201,0.9015839381015137,0.9215708404005781,543,1000,1234,2,False,4b66ecbc60b56f77c3310947d5e544240838dae142e4d4453f0afc0dbb364d0b,sakana-namazu,0e1f3521fa819f53d225295b028894f9f6879abf0ec1603c520f7d35bea81104,2026-10-07T07:57:13
sakana-namazu@b2,remote,ja_gsd,word_precision,all,0.8691891891891892,0.857489494027115,0.8797146080334147,543,1000,1234,2,False,4b66ecbc60b56f77c3310947d5e544240838dae142e4d4453f0afc0dbb364d0b,sakana-namazu,0e1f3521fa819f53d225295b028894f9f6879abf0ec1603c520f7d35bea81104,2026-10-07T07:57:13
sakana-namazu@b2,remote,ja_gsd,word_recall,all,0.7402178916679454,0.714350024734788,0.7619519682894266,543,1000,1234,2,False,4b66ecbc60b56f77c3310947d5e544240838dae142e4d4453f0afc0dbb364d0b,sakana-namazu,0e1f3521fa819f53d225295b028894f9f6879abf0ec1603c520f7d35bea81104,2026-10-07T07:57:13
sakana-namazu@b2,remote,ja_gsd,word_f1,all,0.7995359244219773,0.7823134248898801,0.8165630499199408,543,1000,1234,2,False,4b66ecbc60b56f77c3310947d5e544240838dae142e4d4453f0afc0dbb364d0b,sakana-namazu,0e1f3521fa819f53d225295b028894f9f6879abf0ec1603c520f7d35bea81104,2026-10-07T07:57:13
sakana-namazu@b2,remote,ja_gsd,parse_rate,all,0.9815837937384899,,,543,1000,1234,2,False,4b66ecbc60b56f77c3310947d5e544240838dae142e4d4453f0afc0dbb364d0b,sakana-namazu,0e1f3521fa819f53d225295b028894f9f6879abf0ec1603c520f7d35bea81104,2026-10-07T07:57:13
sakana-namazu@b2,remote,ja_gsd,word_recall,proper_noun,0.6613418530351438,0.5863329751379865,0.7315441191027697,543,1000,1234,2,False,4b66ecbc60b56f77c3310947d5e544240838dae142e4d4453f0afc0dbb364d0b,sakana-namazu,0e1f3521fa819f53d225295b028894f9f6879abf0ec1603c520f7d35bea81104,2026-10-07T07:57:13
sakana-namazu@b2,remote,ja_gsd,word_recall,katakana,0.7027027027027027,0.644089483674471,0.7630994485073732,543,1000,1234,2,False,4b66ecbc60b56f77c3310947d5e544240838dae142e4d4453f0afc0dbb364d0b,sakana-namazu,0e1f3521fa819f53d225295b028894f9f6879abf0ec1603c520f7d35bea81104,2026-10-07T07:57:13
sakana-namazu@b2,remote,ja_gsd,word_recall,other,0.7437091503267974,0.7205639668159792,0.7680562103633072,543,1000,1234,2,False,4b66ecbc60b56f77c3310947d5e544240838dae142e4d4453f0afc0dbb364d0b,sakana-namazu,0e1f3521fa819f53d225295b028894f9f6879abf0ec1603c520f7d35bea81104,2026-10-07T07:57:13
sakana-namazu@b2,remote,ja_gsd,batch_parse_rate,all,0.9669117647058824,,,272,1000,1234,2,False,4b66ecbc60b56f77c3310947d5e544240838dae142e4d4453f0afc0dbb364d0b,sakana-namazu,0e1f3521fa819f53d225295b028894f9f6879abf0ec1603c520f7d35bea81104,2026-10-07T07:57:13
sakana-namazu@b2,remote,ja_gsd,boundary_f1,pos0,0.9100229803782924,0.8936027182991926,0.9250570853428756,272,1000,1234,2,False,4b66ecbc60b56f77c3310947d5e544240838dae142e4d4453f0afc0dbb364d0b,sakana-namazu,0e1f3521fa819f53d225295b028894f9f6879abf0ec1603c520f7d35bea81104,2026-10-07T07:57:13
sakana-namazu@b2,remote,ja_gsd,word_f1,pos0,0.7952437173216393,0.7678626603119898,0.8202450075170962,272,1000,1234,2,False,4b66ecbc60b56f77c3310947d5e544240838dae142e4d4453f0afc0dbb364d0b,sakana-namazu,0e1f3521fa819f53d225295b028894f9f6879abf0ec1603c520f7d35bea81104,2026-10-07T07:57:13
sakana-namazu@b2,remote,ja_gsd,boundary_f1,pos1,0.9147775694562809,0.9008423521489669,0.9281683136889058,271,1000,1234,2,False,4b66ecbc60b56f77c3310947d5e544240838dae142e4d4453f0afc0dbb364d0b,sakana-namazu,0e1f3521fa819f53d225295b028894f9f6879abf0ec1603c520f7d35bea81104,2026-10-07T07:57:13
sakana-namazu@b2,remote,ja_gsd,word_f1,pos1,0.8036819811013359,0.7781873263447063,0.8273412307592483,271,1000,1234,2,False,4b66ecbc60b56f77c3310947d5e544240838dae142e4d4453f0afc0dbb364d0b,sakana-namazu,0e1f3521fa819f53d225295b028894f9f6879abf0ec1603c520f7d35bea81104,2026-10-07T07:57:13
sakana-namazu@b2@lem,remote,ja_gsd,boundary_precision,all,0.9943446440452428,0.992365998197504,0.9961319125300544,543,1000,1234,2,True,3ed2e3d170afd5167bc4b714067329e24d6234b61e453b482106315359229a17,sakana-namazu,0e1f3521fa819f53d225295b028894f9f6879abf0ec1603c520f7d35bea81104,2026-10-07T07:57:13
sakana-namazu@b2@lem,remote,ja_gsd,boundary_recall,all,0.7178768713473701,0.6802521297958275,0.7572517918849823,543,1000,1234,2,True,3ed2e3d170afd5167bc4b714067329e24d6234b61e453b482106315359229a17,sakana-namazu,0e1f3521fa819f53d225295b028894f9f6879abf0ec1603c520f7d35bea81104,2026-10-07T07:57:13
sakana-namazu@b2@lem,remote,ja_gsd,boundary_f1,all,0.8337905062996884,0.8041388896734389,0.8592452951831259,543,1000,1234,2,True,3ed2e3d170afd5167bc4b714067329e24d6234b61e453b482106315359229a17,sakana-namazu,0e1f3521fa819f53d225295b028894f9f6879abf0ec1603c520f7d35bea81104,2026-10-07T07:57:13
sakana-namazu@b2@lem,remote,ja_gsd,word_precision,all,0.8720513900589723,0.8639737587986237,0.880380251430658,543,1000,1234,2,True,3ed2e3d170afd5167bc4b714067329e24d6234b61e453b482106315359229a17,sakana-namazu,0e1f3521fa819f53d225295b028894f9f6879abf0ec1603c520f7d35bea81104,2026-10-07T07:57:13
sakana-namazu@b2@lem,remote,ja_gsd,word_recall,all,0.6353383458646616,0.5980479575632808,0.6716870373746001,543,1000,1234,2,True,3ed2e3d170afd5167bc4b714067329e24d6234b61e453b482106315359229a17,sakana-namazu,0e1f3521fa819f53d225295b028894f9f6879abf0ec1603c520f7d35bea81104,2026-10-07T07:57:13
sakana-namazu@b2@lem,remote,ja_gsd,word_f1,all,0.7351087438970263,0.7094291924382818,0.7600173526637466,543,1000,1234,2,True,3ed2e3d170afd5167bc4b714067329e24d6234b61e453b482106315359229a17,sakana-namazu,0e1f3521fa819f53d225295b028894f9f6879abf0ec1603c520f7d35bea81104,2026-10-07T07:57:13
sakana-namazu@b2@lem,remote,ja_gsd,parse_rate,all,0.8802946593001841,,,543,1000,1234,2,True,3ed2e3d170afd5167bc4b714067329e24d6234b61e453b482106315359229a17,sakana-namazu,0e1f3521fa819f53d225295b028894f9f6879abf0ec1603c520f7d35bea81104,2026-10-07T07:57:13
sakana-namazu@b2@lem,remote,ja_gsd,word_recall,proper_noun,0.5303514376996805,0.45585601062855047,0.616499425232302,543,1000,1234,2,True,3ed2e3d170afd5167bc4b714067329e24d6234b61e453b482106315359229a17,sakana-namazu,0e1f3521fa819f53d225295b028894f9f6879abf0ec1603c520f7d35bea81104,2026-10-07T07:57:13
sakana-namazu@b2@lem,remote,ja_gsd,word_recall,katakana,0.5883575883575883,0.525825527486044,0.6481934687464931,543,1000,1234,2,True,3ed2e3d170afd5167bc4b714067329e24d6234b61e453b482106315359229a17,sakana-namazu,0e1f3521fa819f53d225295b028894f9f6879abf0ec1603c520f7d35bea81104,2026-10-07T07:57:13
sakana-namazu@b2@lem,remote,ja_gsd,word_recall,other,0.6398692810457516,0.6007187779033556,0.6773389268327514,543,1000,1234,2,True,3ed2e3d170afd5167bc4b714067329e24d6234b61e453b482106315359229a17,sakana-namazu,0e1f3521fa819f53d225295b028894f9f6879abf0ec1603c520f7d35bea81104,2026-10-07T07:57:13
sakana-namazu@b2@lem,remote,ja_gsd,lemma_accuracy,all,0.8512256973795436,0.8430713209291714,0.8588829260525263,543,1000,1234,2,True,3ed2e3d170afd5167bc4b714067329e24d6234b61e453b482106315359229a17,sakana-namazu,0e1f3521fa819f53d225295b028894f9f6879abf0ec1603c520f7d35bea81104,2026-10-07T07:57:13
sakana-namazu@b2@lem,remote,ja_gsd,lemma_coverage,all,0.6353383458646616,0.5991255224807553,0.66732813775907,543,1000,1234,2,True,3ed2e3d170afd5167bc4b714067329e24d6234b61e453b482106315359229a17,sakana-namazu,0e1f3521fa819f53d225295b028894f9f6879abf0ec1603c520f7d35bea81104,2026-10-07T07:57:13
sakana-namazu@b2@lem,remote,ja_gsd,batch_parse_rate,all,0.8382352941176471,,,272,1000,1234,2,True,3ed2e3d170afd5167bc4b714067329e24d6234b61e453b482106315359229a17,sakana-namazu,0e1f3521fa819f53d225295b028894f9f6879abf0ec1603c520f7d35bea81104,2026-10-07T07:57:13
sakana-namazu@b2@lem,remote,ja_gsd,boundary_f1,pos0,0.837730870712401,0.8040683030257273,0.869800043396745,272,1000,1234,2,True,3ed2e3d170afd5167bc4b714067329e24d6234b61e453b482106315359229a17,sakana-namazu,0e1f3521fa819f53d225295b028894f9f6879abf0ec1603c520f7d35bea81104,2026-10-07T07:57:13
sakana-namazu@b2@lem,remote,ja_gsd,word_f1,pos0,0.7398615232443125,0.7061023783856133,0.7715705848530984,272,1000,1234,2,True,3ed2e3d170afd5167bc4b714067329e24d6234b61e453b482106315359229a17,sakana-namazu,0e1f3521fa819f53d225295b028894f9f6879abf0ec1603c520f7d35bea81104,2026-10-07T07:57:13
sakana-namazu@b2@lem,remote,ja_gsd,boundary_f1,pos1,0.8299531981279251,0.7820376514278052,0.8711302007213491,271,1000,1234,2,True,3ed2e3d170afd5167bc4b714067329e24d6234b61e453b482106315359229a17,sakana-namazu,0e1f3521fa819f53d225295b028894f9f6879abf0ec1603c520f7d35bea81104,2026-10-07T07:57:13
sakana-namazu@b2@lem,remote,ja_gsd,word_f1,pos1,0.7304759400473311,0.6881594143303857,0.767894267416052,271,1000,1234,2,True,3ed2e3d170afd5167bc4b714067329e24d6234b61e453b482106315359229a17,sakana-namazu,0e1f3521fa819f53d225295b028894f9f6879abf0ec1603c520f7d35bea81104,2026-10-07T07:57:13
sakana-namazu@b4,remote,ja_gsd,boundary_precision,all,0.9972666926981648,0.9960840812279926,0.9984308875464167,543,1000,1234,4,False,4b66ecbc60b56f77c3310947d5e544240838dae142e4d4453f0afc0dbb364d0b,sakana-namazu,0e1f3521fa819f53d225295b028894f9f6879abf0ec1603c520f7d35bea81104,2026-10-07T07:57:13
sakana-namazu@b4,remote,ja_gsd,boundary_recall,all,0.8178688655832199,0.7989883204963044,0.8368328255651963,543,1000,1234,4,False,4b66ecbc60b56f77c3310947d5e544240838dae142e4d4453f0afc0dbb364d0b,sakana-namazu,0e1f3521fa819f53d225295b028894f9f6879abf0ec1603c520f7d35bea81104,2026-10-07T07:57:13
sakana-namazu@b4,remote,ja_gsd,boundary_f1,all,0.8987024411700021,0.88621556815407,0.9084294913375387,543,1000,1234,4,False,4b66ecbc60b56f77c3310947d5e544240838dae142e4d4453f0afc0dbb364d0b,sakana-namazu,0e1f3521fa819f53d225295b028894f9f6879abf0ec1603c520f7d35bea81104,2026-10-07T07:57:13
sakana-namazu@b4,remote,ja_gsd,word_precision,all,0.8560304069713545,0.8451211610303713,0.8660003922045661,543,1000,1234,4,False,4b66ecbc60b56f77c3310947d5e544240838dae142e4d4453f0afc0dbb364d0b,sakana-namazu,0e1f3521fa819f53d225295b028894f9f6879abf0ec1603c520f7d35bea81104,2026-10-07T07:57:13
sakana-namazu@b4,remote,ja_gsd,word_recall,all,0.7084548104956269,0.6850007411114817,0.7311150990599656,543,1000,1234,4,False,4b66ecbc60b56f77c3310947d5e544240838dae142e4d4453f0afc0dbb364d0b,sakana-namazu,0e1f3521fa819f53d225295b028894f9f6879abf0ec1603c520f7d35bea81104,2026-10-07T07:57:13
sakana-namazu@b4,remote,ja_gsd,word_f1,all,0.7752823139246884,0.7562759961665146,0.7922578320725244,543,1000,1234,4,False,4b66ecbc60b56f77c3310947d5e544240838dae142e4d4453f0afc0dbb364d0b,sakana-namazu,0e1f3521fa819f53d225295b028894f9f6879abf0ec1603c520f7d35bea81104,2026-10-07T07:57:13
sakana-namazu@b4,remote,ja_gsd,parse_rate,all,0.9834254143646409,,,543,1000,1234,4,False,4b66ecbc60b56f77c3310947d5e544240838dae142e4d4453f0afc0dbb364d0b,sakana-namazu,0e1f3521fa819f53d225295b028894f9f6879abf0ec1603c520f7d35bea81104,2026-10-07T07:57:13
sakana-namazu@b4,remote,ja_gsd,word_recall,proper_noun,0.6070287539936102,0.5272445038621508,0.6786301691729323,543,1000,1234,4,False,4b66ecbc60b56f77c3310947d5e544240838dae142e4d4453f0afc0dbb364d0b,sakana-namazu,0e1f3521fa819f53d225295b028894f9f6879abf0ec1603c520f7d35bea81104,2026-10-07T07:57:13
sakana-namazu@b4,remote,ja_gsd,word_recall,katakana,0.6735966735966736,0.6189390126776796,0.7292492212724195,543,1000,1234,4,False,4b66ecbc60b56f77c3310947d5e544240838dae142e4d4453f0afc0dbb364d0b,sakana-namazu,0e1f3521fa819f53d225295b028894f9f6879abf0ec1603c520f7d35bea81104,2026-10-07T07:57:13
sakana-namazu@b4,remote,ja_gsd,word_recall,other,0.7124183006535948,0.6883105789490798,0.7358564012655733,543,1000,1234,4,False,4b66ecbc60b56f77c3310947d5e544240838dae142e4d4453f0afc0dbb364d0b,sakana-namazu,0e1f3521fa819f53d225295b028894f9f6879abf0ec1603c520f7d35bea81104,2026-10-07T07:57:13
sakana-namazu@b4,remote,ja_gsd,batch_parse_rate,all,0.9411764705882353,,,136,1000,1234,4,False,4b66ecbc60b56f77c3310947d5e544240838dae142e4d4453f0afc0dbb364d0b,sakana-namazu,0e1f3521fa819f53d225295b028894f9f6879abf0ec1603c520f7d35bea81104,2026-10-07T07:57:13
sakana-namazu@b4,remote,ja_gsd,boundary_f1,pos0,0.8891046805204894,0.8552803917164322,0.9146374297804852,136,1000,1234,4,False,4b66ecbc60b56f77c3310947d5e544240838dae142e4d4453f0afc0dbb364d0b,sakana-namazu,0e1f3521fa819f53d225295b028894f9f6879abf0ec1603c520f7d35bea81104,2026-10-07T07:57:13
sakana-namazu@b4,remote,ja_gsd,word_f1,pos0,0.7633277992990223,0.7203809737242298,0.8038135975790841,136,1000,1234,4,False,4b66ecbc60b56f77c3310947d5e544240838dae142e4d4453f0afc0dbb364d0b,sakana-namazu,0e1f3521fa819f53d225295b028894f9f6879abf0ec1603c520f7d35bea81104,2026-10-07T07:57:13
sakana-namazu@b4,remote,ja_gsd,boundary_f1,pos1,0.900807976620251,0.8715113438525647,0.920313090195647,136,1000,1234,4,False,4b66ecbc60b56f77c3310947d5e544240838dae142e4d4453f0afc0dbb364d0b,sakana-namazu,0e1f3521fa819f53d225295b028894f9f6879abf0ec1603c520f7d35bea81104,2026-10-07T07:57:13
sakana-namazu@b4,remote,ja_gsd,word_f1,pos1,0.7800952537362457,0.7476584690142902,0.8086803466577684,136,1000,1234,4,False,4b66ecbc60b56f77c3310947d5e544240838dae142e4d4453f0afc0dbb364d0b,sakana-namazu,0e1f3521fa819f53d225295b028894f9f6879abf0ec1603c520f7d35bea81104,2026-10-07T07:57:13
sakana-namazu@b4,remote,ja_gsd,boundary_f1,pos2,0.8944453767410641,0.8725036705565096,0.91179965256337,136,1000,1234,4,False,4b66ecbc60b56f77c3310947d5e544240838dae142e4d4453f0afc0dbb364d0b,sakana-namazu,0e1f3521fa819f53d225295b028894f9f6879abf0ec1603c520f7d35bea81104,2026-10-07T07:57:13
sakana-namazu@b4,remote,ja_gsd,word_f1,pos2,0.7607125662012518,0.7238862023225087,0.7958542998633276,136,1000,1234,4,False,4b66ecbc60b56f77c3310947d5e544240838dae142e4d4453f0afc0dbb364d0b,sakana-namazu,0e1f3521fa819f53d225295b028894f9f6879abf0ec1603c520f7d35bea81104,2026-10-07T07:57:13
sakana-namazu@b4,remote,ja_gsd,boundary_f1,pos3,0.9094664371772805,0.8870073634444161,0.9281055692296869,135,1000,1234,4,False,4b66ecbc60b56f77c3310947d5e544240838dae142e4d4453f0afc0dbb364d0b,sakana-namazu,0e1f3521fa819f53d225295b028894f9f6879abf0ec1603c520f7d35bea81104,2026-10-07T07:57:13
sakana-namazu@b4,remote,ja_gsd,word_f1,pos3,0.7960526315789472,0.7624958907929091,0.8251831280936294,135,1000,1234,4,False,4b66ecbc60b56f77c3310947d5e544240838dae142e4d4453f0afc0dbb364d0b,sakana-namazu,0e1f3521fa819f53d225295b028894f9f6879abf0ec1603c520f7d35bea81104,2026-10-07T07:57:13
sakana-namazu@b4@lem,remote,ja_gsd,boundary_precision,all,0.9963581833761782,0.9949796223367103,0.9975872380964136,543,1000,1234,4,True,3ed2e3d170afd5167bc4b714067329e24d6234b61e453b482106315359229a17,sakana-namazu,0e1f3521fa819f53d225295b028894f9f6879abf0ec1603c520f7d35bea81104,2026-10-07T07:57:13
sakana-namazu@b4@lem,remote,ja_gsd,boundary_recall,all,0.7446961812505004,0.7082882840052079,0.7752471541686888,543,1000,1234,4,True,3ed2e3d170afd5167bc4b714067329e24d6234b61e453b482106315359229a17,sakana-namazu,0e1f3521fa819f53d225295b028894f9f6879abf0ec1603c520f7d35bea81104,2026-10-07T07:57:13
sakana-namazu@b4@lem,remote,ja_gsd,boundary_f1,all,0.8523388463829202,0.8284725711704651,0.8745906240599632,543,1000,1234,4,True,3ed2e3d170afd5167bc4b714067329e24d6234b61e453b482106315359229a17,sakana-namazu,0e1f3521fa819f53d225295b028894f9f6879abf0ec1603c520f7d35bea81104,2026-10-07T07:57:13
sakana-namazu@b4@lem,remote,ja_gsd,word_precision,all,0.8526540573520439,0.8405826811370158,0.8640651881731413,543,1000,1234,4,True,3ed2e3d170afd5167bc4b714067329e24d6234b61e453b482106315359229a17,sakana-namazu,0e1f3521fa819f53d225295b028894f9f6879abf0ec1603c520f7d35bea81104,2026-10-07T07:57:13
sakana-namazu@b4@lem,remote,ja_gsd,word_recall,all,0.6433174773668866,0.6102281114989508,0.6754609353279395,543,1000,1234,4,True,3ed2e3d170afd5167bc4b714067329e24d6234b61e453b482106315359229a17,sakana-namazu,0e1f3521fa819f53d225295b028894f9f6879abf0ec1603c520f7d35bea81104,2026-10-07T07:57:13
sakana-namazu@b4@lem,remote,ja_gsd,word_f1,all,0.7333391638971488,0.708890455912662,0.7559193623426761,543,1000,1234,4,True,3ed2e3d170afd5167bc4b714067329e24d6234b61e453b482106315359229a17,sakana-namazu,0e1f3521fa819f53d225295b028894f9f6879abf0ec1603c520f7d35bea81104,2026-10-07T07:57:13
sakana-namazu@b4@lem,remote,ja_gsd,parse_rate,all,0.9171270718232044,,,543,1000,1234,4,True,3ed2e3d170afd5167bc4b714067329e24d6234b61e453b482106315359229a17,sakana-namazu,0e1f3521fa819f53d225295b028894f9f6879abf0ec1603c520f7d35bea81104,2026-10-07T07:57:13
sakana-namazu@b4@lem,remote,ja_gsd,word_recall,proper_noun,0.5015974440894568,0.42674456725365306,0.5723417845911949,543,1000,1234,4,True,3ed2e3d170afd5167bc4b714067329e24d6234b61e453b482106315359229a17,sakana-namazu,0e1f3521fa819f53d225295b028894f9f6879abf0ec1603c520f7d35bea81104,2026-10-07T07:57:13
sakana-namazu@b4@lem,remote,ja_gsd,word_recall,katakana,0.5987525987525988,0.5382861786121028,0.6553939023033271,543,1000,1234,4,True,3ed2e3d170afd5167bc4b714067329e24d6234b61e453b482106315359229a17,sakana-namazu,0e1f3521fa819f53d225295b028894f9f6879abf0ec1603c520f7d35bea81104,2026-10-07T07:57:13
sakana-namazu@b4@lem,remote,ja_gsd,word_recall,other,0.6486928104575164,0.6149041026738591,0.6805881653543895,543,1000,1234,4,True,3ed2e3d170afd5167bc4b714067329e24d6234b61e453b482106315359229a17,sakana-namazu,0e1f3521fa819f53d225295b028894f9f6879abf0ec1603c520f7d35bea81104,2026-10-07T07:57:13
sakana-namazu@b4@lem,remote,ja_gsd,lemma_accuracy,all,0.8509242695289206,0.8438261727240403,0.858374954374798,543,1000,1234,4,True,3ed2e3d170afd5167bc4b714067329e24d6234b61e453b482106315359229a17,sakana-namazu,0e1f3521fa819f53d225295b028894f9f6879abf0ec1603c520f7d35bea81104,2026-10-07T07:57:13
sakana-namazu@b4@lem,remote,ja_gsd,lemma_coverage,all,0.6433174773668866,0.611886953124719,0.6772855710523098,543,1000,1234,4,True,3ed2e3d170afd5167bc4b714067329e24d6234b61e453b482106315359229a17,sakana-namazu,0e1f3521fa819f53d225295b028894f9f6879abf0ec1603c520f7d35bea81104,2026-10-07T07:57:13
sakana-namazu@b4@lem,remote,ja_gsd,batch_parse_rate,all,0.8161764705882353,,,136,1000,1234,4,True,3ed2e3d170afd5167bc4b714067329e24d6234b61e453b482106315359229a17,sakana-namazu,0e1f3521fa819f53d225295b028894f9f6879abf0ec1603c520f7d35bea81104,2026-10-07T07:57:13
sakana-namazu@b4@lem,remote,ja_gsd,boundary_f1,pos0,0.8726628616414093,0.8391597592482946,0.9008423469501066,136,1000,1234,4,True,3ed2e3d170afd5167bc4b714067329e24d6234b61e453b482106315359229a17,sakana-namazu,0e1f3521fa819f53d225295b028894f9f6879abf0ec1603c520f7d35bea81104,2026-10-07T07:57:13
sakana-namazu@b4@lem,remote,ja_gsd,word_f1,pos0,0.7522455089820359,0.7053031603961374,0.7920153235369873,136,1000,1234,4,True,3ed2e3d170afd5167bc4b714067329e24d6234b61e453b482106315359229a17,sakana-namazu,0e1f3521fa819f53d225295b028894f9f6879abf0ec1603c520f7d35bea81104,2026-10-07T07:57:13
sakana-namazu@b4@lem,remote,ja_gsd,boundary_f1,pos1,0.844861838540726,0.8069473570509235,0.8790121292606751,136,1000,1234,4,True,3ed2e3d170afd5167bc4b714067329e24d6234b61e453b482106315359229a17,sakana-namazu,0e1f3521fa819f53d225295b028894f9f6879abf0ec1603c520f7d35bea81104,2026-10-07T07:57:13
sakana-namazu@b4@lem,remote,ja_gsd,word_f1,pos1,0.7162325340693463,0.6679825426114654,0.7598747931242007,136,1000,1234,4,True,3ed2e3d170afd5167bc4b714067329e24d6234b61e453b482106315359229a17,sakana-namazu,0e1f3521fa819f53d225295b028894f9f6879abf0ec1603c520f7d35bea81104,2026-10-07T07:57:13
sakana-namazu@b4@lem,remote,ja_gsd,boundary_f1,pos2,0.8651627346306182,0.8346585640125602,0.893129172650335,136,1000,1234,4,True,3ed2e3d170afd5167bc4b714067329e24d6234b61e453b482106315359229a17,sakana-namazu,0e1f3521fa819f53d225295b028894f9f6879abf0ec1603c520f7d35bea81104,2026-10-07T07:57:13
sakana-namazu@b4@lem,remote,ja_gsd,word_f1,pos2,0.7451368282228816,0.7090754329273753,0.7781956397362161,136,1000,1234,4,True,3ed2e3d170afd5167bc4b714067329e24d6234b61e453b482106315359229a17,sakana-namazu,0e1f3521fa819f53d225295b028894f9f6879abf0ec1603c520f7d35bea81104,2026-10-07T07:57:13
sakana-namazu@b4@lem,remote,ja_gsd,boundary_f1,pos3,0.827101073676416,0.7589139242153417,0.8870353570792767,135,1000,1234,4,True,3ed2e3d170afd5167bc4b714067329e24d6234b61e453b482106315359229a17,sakana-namazu,0e1f3521fa819f53d225295b028894f9f6879abf0ec1603c520f7d35bea81104,2026-10-07T07:57:13
sakana-namazu@b4@lem,remote,ja_gsd,word_f1,pos3,0.7203674262497791,0.6556712053448407,0.7802615523646116,135,1000,1234,4,True,3ed2e3d170afd5167bc4b714067329e24d6234b61e453b482106315359229a17,sakana-namazu,0e1f3521fa819f53d225295b028894f9f6879abf0ec1603c520f7d35bea81104,2026-10-07T07:57:13
sakana-namazu@b8,remote,ja_gsd,boundary_precision,all,0.9966541620196695,0.9954144540072025,0.9977865189518975,543,1000,1234,8,False,4b66ecbc60b56f77c3310947d5e544240838dae142e4d4453f0afc0dbb364d0b,sakana-namazu,0e1f3521fa819f53d225295b028894f9f6879abf0ec1603c520f7d35bea81104,2026-10-07T07:57:13
sakana-namazu@b8,remote,ja_gsd,boundary_recall,all,0.7869666159634937,0.7630360930641144,0.8093304663021224,543,1000,1234,8,False,4b66ecbc60b56f77c3310947d5e544240838dae142e4d4453f0afc0dbb364d0b,sakana-namazu,0e1f3521fa819f53d225295b028894f9f6879abf0ec1603c520f7d35bea81104,2026-10-07T07:57:13
sakana-namazu@b8,remote,ja_gsd,boundary_f1,all,0.8794846559899794,0.8643782280970904,0.893140010894629,543,1000,1234,8,False,4b66ecbc60b56f77c3310947d5e544240838dae142e4d4453f0afc0dbb364d0b,sakana-namazu,0e1f3521fa819f53d225295b028894f9f6879abf0ec1603c520f7d35bea81104,2026-10-07T07:57:13
sakana-namazu@b8,remote,ja_gsd,word_precision,all,0.8415337305400731,0.8271270380000959,0.8555567709230043,543,1000,1234,8,False,4b66ecbc60b56f77c3310947d5e544240838dae142e4d4453f0afc0dbb364d0b,sakana-namazu,0e1f3521fa819f53d225295b028894f9f6879abf0ec1603c520f7d35bea81104,2026-10-07T07:57:13
sakana-namazu@b8,remote,ja_gsd,word_recall,all,0.6718582169709989,0.6432986114508435,0.6995360971275582,543,1000,1234,8,False,4b66ecbc60b56f77c3310947d5e544240838dae142e4d4453f0afc0dbb364d0b,sakana-namazu,0e1f3521fa819f53d225295b028894f9f6879abf0ec1603c520f7d35bea81104,2026-10-07T07:57:13
sakana-namazu@b8,remote,ja_gsd,word_f1,all,0.747184300341297,0.7255103548723446,0.7670592678015186,543,1000,1234,8,False,4b66ecbc60b56f77c3310947d5e544240838dae142e4d4453f0afc0dbb364d0b,sakana-namazu,0e1f3521fa819f53d225295b028894f9f6879abf0ec1603c520f7d35bea81104,2026-10-07T07:57:13
sakana-namazu@b8,remote,ja_gsd,parse_rate,all,0.9834254143646409,,,543,1000,1234,8,False,4b66ecbc60b56f77c3310947d5e544240838dae142e4d4453f0afc0dbb364d0b,sakana-namazu,0e1f3521fa819f53d225295b028894f9f6879abf0ec1603c520f7d35bea81104,2026-10-07T07:57:13
sakana-namazu@b8,remote,ja_gsd,word_recall,proper_noun,0.6198083067092651,0.5411470588235294,0.7023107786804041,543,1000,1234,8,False,4b66ecbc60b56f77c3310947d5e544240838dae142e4d4453f0afc0dbb364d0b,sakana-namazu,0e1f3521fa819f53d225295b028894f9f6879abf0ec1603c520f7d35bea81104,2026-10-07T07:57:13
sakana-namazu@b8,remote,ja_gsd,word_recall,katakana,0.6465696465696466,0.5882232893157263,0.7033004926108375,543,1000,1234,8,False,4b66ecbc60b56f77c3310947d5e544240838dae142e4d4453f0afc0dbb364d0b,sakana-namazu,0e1f3521fa819f53d225295b028894f9f6879abf0ec1603c520f7d35bea81104,2026-10-07T07:57:13
sakana-namazu@b8,remote,ja_gsd,word_recall,other,0.6741830065359478,0.6461358547090635,0.7019556094346188,543,1000,1234,8,False,4b66ecbc60b56f77c3310947d5e544240838dae142e4d4453f0afc0dbb364d0b,sakana-namazu,0e1f3521fa819f53d225295b028894f9f6879abf0ec1603c520f7d35bea81104,2026-10-07T07:57:13
sakana-namazu@b8,remote,ja_gsd,batch_parse_rate,all,0.8823529411764706,,,68,1000,1234,8,False,4b66ecbc60b56f77c3310947d5e544240838dae142e4d4453f0afc0dbb364d0b,sakana-namazu,0e1f3521fa819f53d225295b028894f9f6879abf0ec1603c520f7d35bea81104,2026-10-07T07:57:13
sakana-namazu@b8,remote,ja_gsd,boundary_f1,pos0,0.8681767545488304,0.8098625795899294,0.9107676369048961,68,1000,1234,8,False,4b66ecbc60b56f77c3310947d5e544240838dae142e4d4453f0afc0dbb364d0b,sakana-namazu,0e1f3521fa819f53d225295b028894f9f6879abf0ec1603c520f7d35bea81104,2026-10-07T07:57:13
sakana-namazu@b8,remote,ja_gsd,word_f1,pos0,0.735242135030046,0.6610422697982816,0.8043949293274247,68,1000,1234,8,False,4b66ecbc60b56f77c3310947d5e544240838dae142e4d4453f0afc0dbb364d0b,sakana-namazu,0e1f3521fa819f53d225295b028894f9f6879abf0ec1603c520f7d35bea81104,2026-10-07T07:57:13
sakana-namazu@b8,remote,ja_gsd,boundary_f1,pos1,0.8703573931324458,0.8130376027251633,0.9080427008612116,68,1000,1234,8,False,4b66ecbc60b56f77c3310947d5e544240838dae142e4d4453f0afc0dbb364d0b,sakana-namazu,0e1f3521fa819f53d225295b028894f9f6879abf0ec1603c520f7d35bea81104,2026-10-07T07:57:13
sakana-namazu@b8,remote,ja_gsd,word_f1,pos1,0.7397993311036789,0.6744420549573201,0.7948343917184986,68,1000,1234,8,False,4b66ecbc60b56f77c3310947d5e544240838dae142e4d4453f0afc0dbb364d0b,sakana-namazu,0e1f3521fa819f53d225295b028894f9f6879abf0ec1603c520f7d35bea81104,2026-10-07T07:57:13
sakana-namazu@b8,remote,ja_gsd,boundary_f1,pos2,0.882372542485838,0.852652337502518,0.9068385440865264,68,1000,1234,8,False,4b66ecbc60b56f77c3310947d5e544240838dae142e4d4453f0afc0dbb364d0b,sakana-namazu,0e1f3521fa819f53d225295b028894f9f6879abf0ec1603c520f7d35bea81104,2026-10-07T07:57:13
sakana-namazu@b8,remote,ja_gsd,word_f1,pos2,0.7344596748485814,0.6868504116062618,0.7781024369035147,68,1000,1234,8,False,4b66ecbc60b56f77c3310947d5e544240838dae142e4d4453f0afc0dbb364d0b,sakana-namazu,0e1f3521fa819f53d225295b028894f9f6879abf0ec1603c520f7d35bea81104,2026-10-07T07:57:13
sakana-namazu@b8,remote,ja_gsd,boundary_f1,pos3,0.8937592867756314,0.8509976349661162,0.9259646924463216,68,1000,1234,8,False,4b66ecbc60b56f77c3310947d5e544240838dae142e4d4453f0afc0dbb364d0b,sakana-namazu,0e1f3521fa819f53d225295b028894f9f6879abf0ec1603c520f7d35bea81104,2026-10-07T07:57:13
sakana-namazu@b8,remote,ja_gsd,word_f1,pos3,0.7758132956152757,0.720344338144482,0.8235345447079355,68,1000,1234,8,False,4b66ecbc60b56f77c3310947d5e544240838dae142e4d4453f0afc0dbb364d0b,sakana-namazu,0e1f3521fa819f53d225295b028894f9f6879abf0ec1603c520f7d35bea81104,2026-10-07T07:57:13
sakana-namazu@b8,remote,ja_gsd,boundary_f1,pos4,0.8741052631578948,0.8296679941252896,0.9083045913663128,68,1000,1234,8,False,4b66ecbc60b56f77c3310947d5e544240838dae142e4d4453f0afc0dbb364d0b,sakana-namazu,0e1f3521fa819f53d225295b028894f9f6879abf0ec1603c520f7d35bea81104,2026-10-07T07:57:13
sakana-namazu@b8,remote,ja_gsd,word_f1,pos4,0.7383512544802867,0.6758952410511199,0.7969097799003322,68,1000,1234,8,False,4b66ecbc60b56f77c3310947d5e544240838dae142e4d4453f0afc0dbb364d0b,sakana-namazu,0e1f3521fa819f53d225295b028894f9f6879abf0ec1603c520f7d35bea81104,2026-10-07T07:57:13
sakana-namazu@b8,remote,ja_gsd,boundary_f1,pos5,0.8908327501749476,0.855303300962465,0.9214284653563068,68,1000,1234,8,False,4b66ecbc60b56f77c3310947d5e544240838dae142e4d4453f0afc0dbb364d0b,sakana-namazu,0e1f3521fa819f53d225295b028894f9f6879abf0ec1603c520f7d35bea81104,2026-10-07T07:57:13
sakana-namazu@b8,remote,ja_gsd,word_f1,pos5,0.770875083500334,0.7117178417006855,0.8215849857105754,68,1000,1234,8,False,4b66ecbc60b56f77c3310947d5e544240838dae142e4d4453f0afc0dbb364d0b,sakana-namazu,0e1f3521fa819f53d225295b028894f9f6879abf0ec1603c520f7d35bea81104,2026-10-07T07:57:13
sakana-namazu@b8,remote,ja_gsd,boundary_f1,pos6,0.8895747599451302,0.8615453886997972,0.9166673071011375,68,1000,1234,8,False,4b66ecbc60b56f77c3310947d5e544240838dae142e4d4453f0afc0dbb364d0b,sakana-namazu,0e1f3521fa819f53d225295b028894f9f6879abf0ec1603c520f7d35bea81104,2026-10-07T07:57:13
sakana-namazu@b8,remote,ja_gsd,word_f1,pos6,0.7522935779816513,0.6977946389969737,0.8042388004205625,68,1000,1234,8,False,4b66ecbc60b56f77c3310947d5e544240838dae142e4d4453f0afc0dbb364d0b,sakana-namazu,0e1f3521fa819f53d225295b028894f9f6879abf0ec1603c520f7d35bea81104,2026-10-07T07:57:13
sakana-namazu@b8,remote,ja_gsd,boundary_f1,pos7,0.86610455311973,0.8112349520111536,0.9121876201922596,67,1000,1234,8,False,4b66ecbc60b56f77c3310947d5e544240838dae142e4d4453f0afc0dbb364d0b,sakana-namazu,0e1f3521fa819f53d225295b028894f9f6879abf0ec1603c520f7d35bea81104,2026-10-07T07:57:13
sakana-namazu@b8,remote,ja_gsd,word_f1,pos7,0.7312036140690545,0.6377132878343452,0.8177300729593161,67,1000,1234,8,False,4b66ecbc60b56f77c3310947d5e544240838dae142e4d4453f0afc0dbb364d0b,sakana-namazu,0e1f3521fa819f53d225295b028894f9f6879abf0ec1603c520f7d35bea81104,2026-10-07T07:57:13
sakana-namazu@b8@lem,remote,ja_gsd,boundary_precision,all,0.995769787376155,0.9941879644835885,0.9971560083873747,543,1000,1234,8,True,3ed2e3d170afd5167bc4b714067329e24d6234b61e453b482106315359229a17,sakana-namazu,0e1f3521fa819f53d225295b028894f9f6879abf0ec1603c520f7d35bea81104,2026-10-07T07:57:13
sakana-namazu@b8@lem,remote,ja_gsd,boundary_recall,all,0.7161156032343288,0.6829780798566683,0.7473585698834031,543,1000,1234,8,True,3ed2e3d170afd5167bc4b714067329e24d6234b61e453b482106315359229a17,sakana-namazu,0e1f3521fa819f53d225295b028894f9f6879abf0ec1603c520f7d35bea81104,2026-10-07T07:57:13
sakana-namazu@b8@lem,remote,ja_gsd,boundary_f1,all,0.8331004936201919,0.8095113275918272,0.8543572625914088,543,1000,1234,8,True,3ed2e3d170afd5167bc4b714067329e24d6234b61e453b482106315359229a17,sakana-namazu,0e1f3521fa819f53d225295b028894f9f6879abf0ec1603c520f7d35bea81104,2026-10-07T07:57:13
sakana-namazu@b8@lem,remote,ja_gsd,word_precision,all,0.8594708994708995,0.8494381140835588,0.8693232991656132,543,1000,1234,8,True,3ed2e3d170afd5167bc4b714067329e24d6234b61e453b482106315359229a17,sakana-namazu,0e1f3521fa819f53d225295b028894f9f6879abf0ec1603c520f7d35bea81104,2026-10-07T07:57:13
sakana-namazu@b8@lem,remote,ja_gsd,word_recall,all,0.6231394813564524,0.5912727474177139,0.6512390249979727,543,1000,1234,8,True,3ed2e3d170afd5167bc4b714067329e24d6234b61e453b482106315359229a17,sakana-namazu,0e1f3521fa819f53d225295b028894f9f6879abf0ec1603c520f7d35bea81104,2026-10-07T07:57:13
sakana-namazu@b8@lem,remote,ja_gsd,word_f1,all,0.7224693115104074,0.6991397876409537,0.7455021738149343,543,1000,1234,8,True,3ed2e3d170afd5167bc4b714067329e24d6234b61e453b482106315359229a17,sakana-namazu,0e1f3521fa819f53d225295b028894f9f6879abf0ec1603c520f7d35bea81104,2026-10-07T07:57:13
sakana-namazu@b8@lem,remote,ja_gsd,parse_rate,all,0.860036832412523,,,543,1000,1234,8,True,3ed2e3d170afd5167bc4b714067329e24d6234b61e453b482106315359229a17,sakana-namazu,0e1f3521fa819f53d225295b028894f9f6879abf0ec1603c520f7d35bea81104,2026-10-07T07:57:13
sakana-namazu@b8@lem,remote,ja_gsd,word_recall,proper_noun,0.5239616613418531,0.4498019104290636,0.5960368070430562,543,1000,1234,8,True,3ed2e3d170afd5167bc4b714067329e24d6234b61e453b482106315359229a17,sakana-namazu,0e1f3521fa819f53d225295b028894f9f6879abf0ec1603c520f7d35bea81104,2026-10-07T07:57:13
sakana-namazu@b8@lem,remote,ja_gsd,word_recall,katakana,0.5987525987525988,0.5381185329778455,0.6610887359841334,543,1000,1234,8,True,3ed2e3d170afd5167bc4b714067329e24d6234b61e453b482106315359229a17,sakana-namazu,0e1f3521fa819f53d225295b028894f9f6879abf0ec1603c520f7d35bea81104,2026-10-07T07:57:13
sakana-namazu@b8@lem,remote,ja_gsd,word_recall,other,0.6266339869281046,0.5948637960055835,0.6555288774327143,543,1000,1234,8,True,3ed2e3d170afd5167bc4b714067329e24d6234b61e453b482106315359229a17,sakana-namazu,0e1f3521fa819f53d225295b028894f9f6879abf0ec1603c520f7d35bea81104,2026-10-07T07:57:13
sakana-namazu@b8@lem,remote,ja_gsd,lemma_accuracy,all,0.8564393006648608,0.847886471349314,0.8639752233261809,543,1000,1234,8,True,3ed2e3d170afd5167bc4b714067329e24d6234b61e453b482106315359229a17,sakana-namazu,0e1f3521fa819f53d225295b028894f9f6879abf0ec1603c520f7d35bea81104,2026-10-07T07:57:13
sakana-namazu@b8@lem,remote,ja_gsd,lemma_coverage,all,0.6231394813564524,0.5918685431047459,0.6517022594202765,543,1000,1234,8,True,3ed2e3d170afd5167bc4b714067329e24d6234b61e453b482106315359229a17,sakana-namazu,0e1f3521fa819f53d225295b028894f9f6879abf0ec1603c520f7d35bea81104,2026-10-07T07:57:13
sakana-namazu@b8@lem,remote,ja_gsd,batch_parse_rate,all,0.6764705882352942,,,68,1000,1234,8,True,3ed2e3d170afd5167bc4b714067329e24d6234b61e453b482106315359229a17,sakana-namazu,0e1f3521fa819f53d225295b028894f9f6879abf0ec1603c520f7d35bea81104,2026-10-07T07:57:13
sakana-namazu@b8@lem,remote,ja_gsd,boundary_f1,pos0,0.8543470079036507,0.8002704918513462,0.8971558333819978,68,1000,1234,8,True,3ed2e3d170afd5167bc4b714067329e24d6234b61e453b482106315359229a17,sakana-namazu,0e1f3521fa819f53d225295b028894f9f6879abf0ec1603c520f7d35bea81104,2026-10-07T07:57:13
sakana-namazu@b8@lem,remote,ja_gsd,word_f1,pos0,0.7375224416517056,0.6821129687907375,0.7877846858305503,68,1000,1234,8,True,3ed2e3d170afd5167bc4b714067329e24d6234b61e453b482106315359229a17,sakana-namazu,0e1f3521fa819f53d225295b028894f9f6879abf0ec1603c520f7d35bea81104,2026-10-07T07:57:13
sakana-namazu@b8@lem,remote,ja_gsd,boundary_f1,pos1,0.7704042715484363,0.671903260912211,0.8532438756959707,68,1000,1234,8,True,3ed2e3d170afd5167bc4b714067329e24d6234b61e453b482106315359229a17,sakana-namazu,0e1f3521fa819f53d225295b028894f9f6879abf0ec1603c520f7d35bea81104,2026-10-07T07:57:13
sakana-namazu@b8@lem,remote,ja_gsd,word_f1,pos1,0.6673952641165757,0.5795409667172252,0.7452594812328828,68,1000,1234,8,True,3ed2e3d170afd5167bc4b714067329e24d6234b61e453b482106315359229a17,sakana-namazu,0e1f3521fa819f53d225295b028894f9f6879abf0ec1603c520f7d35bea81104,2026-10-07T07:57:13
sakana-namazu@b8@lem,remote,ja_gsd,boundary_f1,pos2,0.8346020761245676,0.7799448331885184,0.8772858666411983,68,1000,1234,8,True,3ed2e3d170afd5167bc4b714067329e24d6234b61e453b482106315359229a17,sakana-namazu,0e1f3521fa819f53d225295b028894f9f6879abf0ec1603c520f7d35bea81104,2026-10-07T07:57:13
sakana-namazu@b8@lem,remote,ja_gsd,word_f1,pos2,0.709549071618037,0.6510053066684209,0.7581302604353938,68,1000,1234,8,True,3ed2e3d170afd5167bc4b714067329e24d6234b61e453b482106315359229a17,sakana-namazu,0e1f3521fa819f53d225295b028894f9f6879abf0ec1603c520f7d35bea81104,2026-10-07T07:57:13
sakana-namazu@b8@lem,remote,ja_gsd,boundary_f1,pos3,0.8271798900235664,0.7604040713507626,0.8801460273050604,68,1000,1234,8,True,3ed2e3d170afd5167bc4b714067329e24d6234b61e453b482106315359229a17,sakana-namazu,0e1f3521fa819f53d225295b028894f9f6879abf0ec1603c520f7d35bea81104,2026-10-07T07:57:13
sakana-namazu@b8@lem,remote,ja_gsd,word_f1,pos3,0.7198501872659177,0.6546854442411396,0.774526989174048,68,1000,1234,8,True,3ed2e3d170afd5167bc4b714067329e24d6234b61e453b482106315359229a17,sakana-namazu,0e1f3521fa819f53d225295b028894f9f6879abf0ec1603c520f7d35bea81104,2026-10-07T07:57:13
sakana-namazu@b8@lem,remote,ja_gsd,boundary_f1,pos4,0.8454231433506044,0.7755807308572104,0.9037874066949347,68,1000,1234,8,True,3ed2e3d170afd5167bc4b714067329e24d6234b61e453b482106315359229a17,sakana-namazu,0e1f3521fa819f53d225295b028894f9f6879abf0ec1603c520f7d35bea81104,2026-10-07T07:57:13
sakana-namazu@b8@lem,remote,ja_gsd,word_f1,pos4,0.7465249386753884,0.6795883660892739,0.803073214020606,68,1000,1234,8,True,3ed2e3d170afd5167bc4b714067329e24d6234b61e453b482106315359229a17,sakana-namazu,0e1f3521fa819f53d225295b028894f9f6879abf0ec1603c520f7d35bea81104,2026-10-07T07:57:13
sakana-namazu@b8@lem,remote,ja_gsd,boundary_f1,pos5,0.8331491712707182,0.7643031928680564,0.8842546661726343,68,1000,1234,8,True,3ed2e3d170afd5167bc4b714067329e24d6234b61e453b482106315359229a17,sakana-namazu,0e1f3521fa819f53d225295b028894f9f6879abf0ec1603c520f7d35bea81104,2026-10-07T07:57:13
sakana-namazu@b8@lem,remote,ja_gsd,word_f1,pos5,0.7102672292545711,0.6413346218287013,0.7710027692824656,68,1000,1234,8,True,3ed2e3d170afd5167bc4b714067329e24d6234b61e453b482106315359229a17,sakana-namazu,0e1f3521fa819f53d225295b028894f9f6879abf0ec1603c520f7d35bea81104,2026-10-07T07:57:13
sakana-namazu@b8@lem,remote,ja_gsd,boundary_f1,pos6,0.8345945945945946,0.7673598695713504,0.886546179612412,68,1000,1234,8,True,3ed2e3d170afd5167bc4b714067329e24d6234b61e453b482106315359229a17,sakana-namazu,0e1f3521fa819f53d225295b028894f9f6879abf0ec1603c520f7d35bea81104,2026-10-07T07:57:13
sakana-namazu@b8@lem,remote,ja_gsd,word_f1,pos6,0.7241379310344827,0.6567955765811176,0.7846806572995477,68,1000,1234,8,True,3ed2e3d170afd5167bc4b714067329e24d6234b61e453b482106315359229a17,sakana-namazu,0e1f3521fa819f53d225295b028894f9f6879abf0ec1603c520f7d35bea81104,2026-10-07T07:57:13
sakana-namazu@b8@lem,remote,ja_gsd,boundary_f1,pos7,0.8621740602776837,0.8017776983524298,0.907929399050647,67,1000,1234,8,True,3ed2e3d170afd5167bc4b714067329e24d6234b61e453b482106315359229a17,sakana-namazu,0e1f3521fa819f53d225295b028894f9f6879abf0ec1603c520f7d35bea81104,2026-10-07T07:57:13
sakana-namazu@b8@lem,remote,ja_gsd,word_f1,pos7,0.7634827810266407,0.7020508155296623,0.819536167200402,67,1000,1234,8,True,3ed2e3d170afd5167bc4b714067329e24d6234b61e453b482106315359229a17,sakana-namazu,0e1f3521fa819f53d225295b028894f9f6879abf0ec1603c520f7d35bea81104,2026-10-07T07:57:13
sakana-namazu@lem,remote,ja_gsd,boundary_precision,all,0.9955681818181819,0.9937894552158494,0.9970495468951103,543,1000,1234,1,True,cdb0c645f95239e3822e498025881fa1b5b96cda41087228a270b92cceead11e,sakana-namazu,0e1f3521fa819f53d225295b028894f9f6879abf0ec1603c520f7d35bea81104,2026-10-07T07:57:13
sakana-namazu@lem,remote,ja_gsd,boundary_recall,all,0.7013849971979825,0.659697302783894,0.7416324488004344,543,1000,1234,1,True,cdb0c645f95239e3822e498025881fa1b5b96cda41087228a270b92cceead11e,sakana-namazu,0e1f3521fa819f53d225295b028894f9f6879abf0ec1603c520f7d35bea81104,2026-10-07T07:57:13
sakana-namazu@lem,remote,ja_gsd,boundary_f1,all,0.8229768446761543,0.7934942007250099,0.8496643547598232,543,1000,1234,1,True,cdb0c645f95239e3822e498025881fa1b5b96cda41087228a270b92cceead11e,sakana-namazu,0e1f3521fa819f53d225295b028894f9f6879abf0ec1603c520f7d35bea81104,2026-10-07T07:57:13
sakana-namazu@lem,remote,ja_gsd,word_precision,all,0.867004092181779,0.8565947637478112,0.8767948914838158,543,1000,1234,1,True,cdb0c645f95239e3822e498025881fa1b5b96cda41087228a270b92cceead11e,sakana-namazu,0e1f3521fa819f53d225295b028894f9f6879abf0ec1603c520f7d35bea81104,2026-10-07T07:57:13
sakana-namazu@lem,remote,ja_gsd,word_recall,all,0.617692189657818,0.5807180118312523,0.6549394509965502,543,1000,1234,1,True,cdb0c645f95239e3822e498025881fa1b5b96cda41087228a270b92cceead11e,sakana-namazu,0e1f3521fa819f53d225295b028894f9f6879abf0ec1603c520f7d35bea81104,2026-10-07T07:57:13
sakana-namazu@lem,remote,ja_gsd,word_f1,all,0.7214157706093189,0.6914349562377652,0.7483807744346114,543,1000,1234,1,True,cdb0c645f95239e3822e498025881fa1b5b96cda41087228a270b92cceead11e,sakana-namazu,0e1f3521fa819f53d225295b028894f9f6879abf0ec1603c520f7d35bea81104,2026-10-07T07:57:13
sakana-namazu@lem,remote,ja_gsd,parse_rate,all,0.8931860036832413,,,543,1000,1234,1,True,cdb0c645f95239e3822e498025881fa1b5b96cda41087228a270b92cceead11e,sakana-namazu,0e1f3521fa819f53d225295b028894f9f6879abf0ec1603c520f7d35bea81104,2026-10-07T07:57:13
sakana-namazu@lem,remote,ja_gsd,word_recall,proper_noun,0.4984025559105431,0.4192598417207792,0.57590147514114,543,1000,1234,1,True,cdb0c645f95239e3822e498025881fa1b5b96cda41087228a270b92cceead11e,sakana-namazu,0e1f3521fa819f53d225295b028894f9f6879abf0ec1603c520f7d35bea81104,2026-10-07T07:57:13
sakana-namazu@lem,remote,ja_gsd,word_recall,katakana,0.58004158004158,0.5175117672229355,0.6422532090990433,543,1000,1234,1,True,cdb0c645f95239e3822e498025881fa1b5b96cda41087228a270b92cceead11e,sakana-namazu,0e1f3521fa819f53d225295b028894f9f6879abf0ec1603c520f7d35bea81104,2026-10-07T07:57:13
sakana-namazu@lem,remote,ja_gsd,word_recall,other,0.6222222222222222,0.5828798306525175,0.6615783751471093,543,1000,1234,1,True,cdb0c645f95239e3822e498025881fa1b5b96cda41087228a270b92cceead11e,sakana-namazu,0e1f3521fa819f53d225295b028894f9f6879abf0ec1603c520f7d35bea81104,2026-10-07T07:57:13
sakana-namazu@lem,remote,ja_gsd,lemma_accuracy,all,0.8352999627375481,0.8168627565198444,0.8504200954633904,543,1000,1234,1,True,cdb0c645f95239e3822e498025881fa1b5b96cda41087228a270b92cceead11e,sakana-namazu,0e1f3521fa819f53d225295b028894f9f6879abf0ec1603c520f7d35bea81104,2026-10-07T07:57:13
sakana-namazu@lem,remote,ja_gsd,lemma_coverage,all,0.617692189657818,0.5800407397152395,0.6545447380246786,543,1000,1234,1,True,cdb0c645f95239e3822e498025881fa1b5b96cda41087228a270b92cceead11e,sakana-namazu,0e1f3521fa819f53d225295b028894f9f6879abf0ec1603c520f7d35bea81104,2026-10-07T07:57:13
sudachi,baseline,ja_gsd,boundary_precision,all,0.9966873706004141,0.9955091492417472,0.9978107739608888,543,1000,1234,1,False,,,0e1f3521fa819f53d225295b028894f9f6879abf0ec1603c520f7d35bea81104,2026-10-07T07:57:13
sudachi,baseline,ja_gsd,boundary_recall,all,0.9634937154751421,0.9596969909173573,0.9673073538553895,543,1000,1234,1,False,,,0e1f3521fa819f53d225295b028894f9f6879abf0ec1603c520f7d35bea81104,2026-10-07T07:57:13
sudachi,baseline,ja_gsd,boundary_f1,all,0.9798094927949198,0.9778457142222055,0.9818231626268663,543,1000,1234,1,False,,,0e1f3521fa819f53d225295b028894f9f6879abf0ec1603c520f7d35bea81104,2026-10-07T07:57:13
sudachi,baseline,ja_gsd,word_precision,all,0.9620383579014107,0.9581691984399084,0.9656937980307387,543,1000,1234,1,False,,,0e1f3521fa819f53d225295b028894f9f6879abf0ec1603c520f7d35bea81104,2026-10-07T07:57:13
sudachi,baseline,ja_gsd,word_recall,all,0.931333435629891,0.9241275729132906,0.9378858166211143,543,1000,1234,1,False,,,0e1f3521fa819f53d225295b028894f9f6879abf0ec1603c520f7d35bea81104,2026-10-07T07:57:13
sudachi,baseline,ja_gsd,word_f1,all,0.9464369249961017,0.9414446947757211,0.9515017941077188,543,1000,1234,1,False,,,0e1f3521fa819f53d225295b028894f9f6879abf0ec1603c520f7d35bea81104,2026-10-07T07:57:13
sudachi,baseline,ja_gsd,parse_rate,all,1.0,,,543,1000,1234,1,False,,,0e1f3521fa819f53d225295b028894f9f6879abf0ec1603c520f7d35bea81104,2026-10-07T07:57:13
sudachi,baseline,ja_gsd,word_recall,proper_noun,0.8594249201277955,0.8077631142848534,0.905173072867236,543,1000,1234,1,False,,,0e1f3521fa819f53d225295b028894f9f6879abf0ec1603c520f7d35bea81104,2026-10-07T07:57:13
sudachi,baseline,ja_gsd,word_recall,katakana,0.8586278586278586,0.8162665605626425,0.8997964509394573,543,1000,1234,1,False,,,0e1f3521fa819f53d225295b028894f9f6879abf0ec1603c520f7d35bea81104,2026-10-07T07:57:13
sudachi,baseline,ja_gsd,word_recall,other,0.9360294117647059,0.9297076237983661,0.9427062118043373,543,1000,1234,1,False,,,0e1f3521fa819f53d225295b028894f9f6879abf0ec1603c520f7d35bea81104,2026-10-07T07:57:13
sudachi,baseline,ja_gsd,lemma_accuracy,all,0.8480105445259082,0.8415487072376264,0.8545574093042019,543,1000,1234,1,False,,,0e1f3521fa819f53d225295b028894f9f6879abf0ec1603c520f7d35bea81104,2026-10-07T07:57:13
sudachi,baseline,ja_gsd,lemma_coverage,all,0.931333435629891,0.9243345296720729,0.9379903443836498,543,1000,1234,1,False,,,0e1f3521fa819f53d225295b028894f9f6879abf0ec1603c520f7d35bea81104,2026-10-07T07:57:13
gemma3:27b,local,ja_gsd,eval_tokens_per_s,all,10.297544490667851,9.79385484085093,13.261760622344315,543,0,1234,1,False,8295877ae96590fd4e706e482ec81e78d36954d18a3848c13b0ece0cb8e06f1c,gemma3:27b,0e1f3521fa819f53d225295b028894f9f6879abf0ec1603c520f7d35bea81104,2026-10-07T07:57:13
gemma3:27b,local,ja_gsd,prompt_tokens_per_s,all,344.1404081005442,221.64557357376796,431.2690380798319,543,0,1234,1,False,8295877ae96590fd4e706e482ec81e78d36954d18a3848c13b0ece0cb8e06f1c,gemma3:27b,0e1f3521fa819f53d225295b028894f9f6879abf0ec1603c520f7d35bea81104,2026-10-07T07:57:13
gemma3:27b,local,ja_gsd,tokens_per_sentence,all,37.0,14.0,72.0,543,0,1234,1,False,8295877ae96590fd4e706e482ec81e78d36954d18a3848c13b0ece0cb8e06f1c,gemma3:27b,0e1f3521fa819f53d225295b028894f9f6879abf0ec1603c520f7d35bea81104,2026-10-07T07:57:13
gemma3:27b,local,ja_gsd,wall_s_per_sentence,all,4.169596666004509,1.7351019836962223,8.023192974738777,543,0,1234,1,False,8295877ae96590fd4e706e482ec81e78d36954d18a3848c13b0ece0cb8e06f1c,gemma3:27b,0e1f3521fa819f53d225295b028894f9f6879abf0ec1603c520f7d35bea81104,2026-10-07T07:57:13
gemma3:27b,local,ja_gsd,empty_content_rate,all,0.0,,,543,0,1234,1,False,8295877ae96590fd4e706e482ec81e78d36954d18a3848c13b0ece0cb8e06f1c,gemma3:27b,0e1f3521fa819f53d225295b028894f9f6879abf0ec1603c520f7d35bea81104,2026-10-07T07:57:13
gemma3:27b@b1,local,ja_gsd,eval_tokens_per_s,all,9.502636321844811,8.348612707876438,12.74682240454384,543,0,1234,1,False,4b66ecbc60b56f77c3310947d5e544240838dae142e4d4453f0afc0dbb364d0b,gemma3:27b,0e1f3521fa819f53d225295b028894f9f6879abf0ec1603c520f7d35bea81104,2026-10-07T07:57:13
gemma3:27b@b1,local,ja_gsd,prompt_tokens_per_s,all,465.30919485415467,279.2310335471778,633.4377608373285,543,0,1234,1,False,4b66ecbc60b56f77c3310947d5e544240838dae142e4d4453f0afc0dbb364d0b,gemma3:27b,0e1f3521fa819f53d225295b028894f9f6879abf0ec1603c520f7d35bea81104,2026-10-07T07:57:13
gemma3:27b@b1,local,ja_gsd,tokens_per_sentence,all,41.0,18.0,80.0,543,0,1234,1,False,4b66ecbc60b56f77c3310947d5e544240838dae142e4d4453f0afc0dbb364d0b,gemma3:27b,0e1f3521fa819f53d225295b028894f9f6879abf0ec1603c520f7d35bea81104,2026-10-07T07:57:13
gemma3:27b@b1,local,ja_gsd,wall_s_per_sentence,all,5.062479707878083,2.2671820664778353,9.943810275010765,543,0,1234,1,False,4b66ecbc60b56f77c3310947d5e544240838dae142e4d4453f0afc0dbb364d0b,gemma3:27b,0e1f3521fa819f53d225295b028894f9f6879abf0ec1603c520f7d35bea81104,2026-10-07T07:57:13
gemma3:27b@b1,local,ja_gsd,empty_content_rate,all,0.0,,,543,0,1234,1,False,4b66ecbc60b56f77c3310947d5e544240838dae142e4d4453f0afc0dbb364d0b,gemma3:27b,0e1f3521fa819f53d225295b028894f9f6879abf0ec1603c520f7d35bea81104,2026-10-07T07:57:13
gemma3:27b@b1@lem,local,ja_gsd,eval_tokens_per_s,all,9.476678145524108,8.470683962627945,12.101575441473416,543,0,1234,1,True,3ed2e3d170afd5167bc4b714067329e24d6234b61e453b482106315359229a17,gemma3:27b,0e1f3521fa819f53d225295b028894f9f6879abf0ec1603c520f7d35bea81104,2026-10-07T07:57:13
gemma3:27b@b1@lem,local,ja_gsd,prompt_tokens_per_s,all,571.7970354665122,337.1283511128417,711.0597654907186,543,0,1234,1,True,3ed2e3d170afd5167bc4b714067329e24d6234b61e453b482106315359229a17,gemma3:27b,0e1f3521fa819f53d225295b028894f9f6879abf0ec1603c520f7d35bea81104,2026-10-07T07:57:13
gemma3:27b@b1@lem,local,ja_gsd,tokens_per_sentence,all,81.0,33.0,166.8,543,0,1234,1,True,3ed2e3d170afd5167bc4b714067329e24d6234b61e453b482106315359229a17,gemma3:27b,0e1f3521fa819f53d225295b028894f9f6879abf0ec1603c520f7d35bea81104,2026-10-07T07:57:13
gemma3:27b@b1@lem,local,ja_gsd,wall_s_per_sentence,all,9.336642540991306,3.5610080996528266,19.232361024431885,543,0,1234,1,True,3ed2e3d170afd5167bc4b714067329e24d6234b61e453b482106315359229a17,gemma3:27b,0e1f3521fa819f53d225295b028894f9f6879abf0ec1603c520f7d35bea81104,2026-10-07T07:57:13
gemma3:27b@b1@lem,local,ja_gsd,empty_content_rate,all,0.0,,,543,0,1234,1,True,3ed2e3d170afd5167bc4b714067329e24d6234b61e453b482106315359229a17,gemma3:27b,0e1f3521fa819f53d225295b028894f9f6879abf0ec1603c520f7d35bea81104,2026-10-07T07:57:13
gemma3:27b@b2,local,ja_gsd,eval_tokens_per_s,all,9.80080886882578,9.038150061680993,12.515811988027995,272,0,1234,2,False,4b66ecbc60b56f77c3310947d5e544240838dae142e4d4453f0afc0dbb364d0b,gemma3:27b,0e1f3521fa819f53d225295b028894f9f6879abf0ec1603c520f7d35bea81104,2026-10-07T07:57:13
gemma3:27b@b2,local,ja_gsd,prompt_tokens_per_s,all,326.73009159714934,247.537349071463,445.05286695533005,272,0,1234,2,False,4b66ecbc60b56f77c3310947d5e544240838dae142e4d4453f0afc0dbb364d0b,gemma3:27b,0e1f3521fa819f53d225295b028894f9f6879abf0ec1603c520f7d35bea81104,2026-10-07T07:57:13
gemma3:27b@b2,local,ja_gsd,tokens_per_sentence,all,41.75,25.5,68.0,272,0,1234,2,False,4b66ecbc60b56f77c3310947d5e544240838dae142e4d4453f0afc0dbb364d0b,gemma3:27b,0e1f3521fa819f53d225295b028894f9f6879abf0ec1603c520f7d35bea81104,2026-10-07T07:57:13
gemma3:27b@b2,local,ja_gsd,wall_s_per_sentence,all,4.7276978542795405,2.7032214017352088,7.846531847841107,272,0,1234,2,False,4b66ecbc60b56f77c3310947d5e544240838dae142e4d4453f0afc0dbb364d0b,gemma3:27b,0e1f3521fa819f53d225295b028894f9f6879abf0ec1603c520f7d35bea81104,2026-10-07T07:57:13
gemma3:27b@b2,local,ja_gsd,empty_content_rate,all,0.0,,,272,0,1234,2,False,4b66ecbc60b56f77c3310947d5e544240838dae142e4d4453f0afc0dbb364d0b,gemma3:27b,0e1f3521fa819f53d225295b028894f9f6879abf0ec1603c520f7d35bea81104,2026-10-07T07:57:13
gemma3:27b@b2@lem,local,ja_gsd,eval_tokens_per_s,all,9.95628159813959,8.47948188637507,10.300229138065289,272,0,1234,2,True,3ed2e3d170afd5167bc4b714067329e24d6234b61e453b482106315359229a17,gemma3:27b,0e1f3521fa819f53d225295b028894f9f6879abf0ec1603c520f7d35bea81104,2026-10-07T07:57:13
gemma3:27b@b2@lem,local,ja_gsd,prompt_tokens_per_s,all,372.58321209081686,264.5992178174152,489.71195444539984,272,0,1234,2,True,3ed2e3d170afd5167bc4b714067329e24d6234b61e453b482106315359229a17,gemma3:27b,0e1f3521fa819f53d225295b028894f9f6879abf0ec1603c520f7d35bea81104,2026-10-07T07:57:13
gemma3:27b@b2@lem,local,ja_gsd,tokens_per_sentence,all,84.25,47.05,136.95,272,0,1234,2,True,3ed2e3d170afd5167bc4b714067329e24d6234b61e453b482106315359229a17,gemma3:27b,0e1f3521fa819f53d225295b028894f9f6879abf0ec1603c520f7d35bea81104,2026-10-07T07:57:13
gemma3:27b@b2@lem,local,ja_gsd,wall_s_per_sentence,all,9.461157906102017,5.05915693147108,15.930851339362562,272,0,1234,2,True,3ed2e3d170afd5167bc4b714067329e24d6234b61e453b482106315359229a17,gemma3:27b,0e1f3521fa819f53d225295b028894f9f6879abf0ec1603c520f7d35bea81104,2026-10-07T07:57:13
gemma3:27b@b2@lem,local,ja_gsd,empty_content_rate,all,0.0,,,272,0,1234,2,True,3ed2e3d170afd5167bc4b714067329e24d6234b61e453b482106315359229a17,gemma3:27b,0e1f3521fa819f53d225295b028894f9f6879abf0ec1603c520f7d35bea81104,2026-10-07T07:57:13
gemma3:27b@b4,local,ja_gsd,eval_tokens_per_s,all,10.055252592584129,9.676538976344046,12.987887529842059,136,0,1234,4,False,4b66ecbc60b56f77c3310947d5e544240838dae142e4d4453f0afc0dbb364d0b,gemma3:27b,0e1f3521fa819f53d225295b028894f9f6879abf0ec1603c520f7d35bea81104,2026-10-07T07:57:13
gemma3:27b@b4,local,ja_gsd,prompt_tokens_per_s,all,244.05237604211862,191.67449538496084,334.69236535446066,136,0,1234,4,False,4b66ecbc60b56f77c3310947d5e544240838dae142e4d4453f0afc0dbb364d0b,gemma3:27b,0e1f3521fa819f53d225295b028894f9f6879abf0ec1603c520f7d35bea81104,2026-10-07T07:57:13
gemma3:27b@b4,local,ja_gsd,tokens_per_sentence,all,41.75,30.125,64.25,136,0,1234,4,False,4b66ecbc60b56f77c3310947d5e544240838dae142e4d4453f0afc0dbb364d0b,gemma3:27b,0e1f3521fa819f53d225295b028894f9f6879abf0ec1603c520f7d35bea81104,2026-10-07T07:57:13
gemma3:27b@b4,local,ja_gsd,wall_s_per_sentence,all,4.332299593661446,3.0521227759309113,7.131704625033308,136,0,1234,4,False,4b66ecbc60b56f77c3310947d5e544240838dae142e4d4453f0afc0dbb364d0b,gemma3:27b,0e1f3521fa819f53d225295b028894f9f6879abf0ec1603c520f7d35bea81104,2026-10-07T07:57:13
gemma3:27b@b4,local,ja_gsd,empty_content_rate,all,0.0,,,136,0,1234,4,False,4b66ecbc60b56f77c3310947d5e544240838dae142e4d4453f0afc0dbb364d0b,gemma3:27b,0e1f3521fa819f53d225295b028894f9f6879abf0ec1603c520f7d35bea81104,2026-10-07T07:57:13
gemma3:27b@b4@lem,local,ja_gsd,eval_tokens_per_s,all,8.202895887976776,7.488644857367403,9.575869384381168,136,0,1234,4,True,3ed2e3d170afd5167bc4b714067329e24d6234b61e453b482106315359229a17,gemma3:27b,0e1f3521fa819f53d225295b028894f9f6879abf0ec1603c520f7d35bea81104,2026-10-07T07:57:13
gemma3:27b@b4@lem,local,ja_gsd,prompt_tokens_per_s,all,209.29576096926183,157.26357896910716,292.4578861929481,136,0,1234,4,True,3ed2e3d170afd5167bc4b714067329e24d6234b61e453b482106315359229a17,gemma3:27b,0e1f3521fa819f53d225295b028894f9f6879abf0ec1603c520f7d35bea81104,2026-10-07T07:57:13
gemma3:27b@b4@lem,local,ja_gsd,tokens_per_sentence,all,85.5,58.375,127.125,136,0,1234,4,True,3ed2e3d170afd5167bc4b714067329e24d6234b61e453b482106315359229a17,gemma3:27b,0e1f3521fa819f53d225295b028894f9f6879abf0ec1603c520f7d35bea81104,2026-10-07T07:57:13
gemma3:27b@b4@lem,local,ja_gsd,wall_s_per_sentence,all,11.218052828102373,6.820753385487478,17.306565671868157,136,0,1234,4,True,3ed2e3d170afd5167bc4b714067329e24d6234b61e453b482106315359229a17,gemma3:27b,0e1f3521fa819f53d225295b028894f9f6879abf0ec1603c520f7d35bea81104,2026-10-07T07:57:13
gemma3:27b@b4@lem,local,ja_gsd,empty_content_rate,all,0.0,,,136,0,1234,4,True,3ed2e3d170afd5167bc4b714067329e24d6234b61e453b482106315359229a17,gemma3:27b,0e1f3521fa819f53d225295b028894f9f6879abf0ec1603c520f7d35bea81104,2026-10-07T07:57:13
gemma3:27b@b8,local,ja_gsd,eval_tokens_per_s,all,7.943771704027599,7.339864745658687,12.653275611356653,68,0,1234,8,False,4b66ecbc60b56f77c3310947d5e544240838dae142e4d4453f0afc0dbb364d0b,gemma3:27b,0e1f3521fa819f53d225295b028894f9f6879abf0ec1603c520f7d35bea81104,2026-10-07T07:57:13
gemma3:27b@b8,local,ja_gsd,prompt_tokens_per_s,all,135.74595734509228,100.51123056745315,229.02389549046597,68,0,1234,8,False,4b66ecbc60b56f77c3310947d5e544240838dae142e4d4453f0afc0dbb364d0b,gemma3:27b,0e1f3521fa819f53d225295b028894f9f6879abf0ec1603c520f7d35bea81104,2026-10-07T07:57:13
gemma3:27b@b8,local,ja_gsd,tokens_per_sentence,all,41.0625,30.2,59.67500000000001,68,0,1234,8,False,4b66ecbc60b56f77c3310947d5e544240838dae142e4d4453f0afc0dbb364d0b,gemma3:27b,0e1f3521fa819f53d225295b028894f9f6879abf0ec1603c520f7d35bea81104,2026-10-07T07:57:13
gemma3:27b@b8,local,ja_gsd,wall_s_per_sentence,all,5.752789890597342,2.971848675434012,8.716516541724559,68,0,1234,8,False,4b66ecbc60b56f77c3310947d5e544240838dae142e4d4453f0afc0dbb364d0b,gemma3:27b,0e1f3521fa819f53d225295b028894f9f6879abf0ec1603c520f7d35bea81104,2026-10-07T07:57:13
gemma3:27b@b8,local,ja_gsd,empty_content_rate,all,0.0,,,68,0,1234,8,False,4b66ecbc60b56f77c3310947d5e544240838dae142e4d4453f0afc0dbb364d0b,gemma3:27b,0e1f3521fa819f53d225295b028894f9f6879abf0ec1603c520f7d35bea81104,2026-10-07T07:57:13
gemma3:27b@b8@lem,local,ja_gsd,eval_tokens_per_s,all,9.105519859471677,8.087456193942009,10.180272263416272,68,0,1234,8,True,3ed2e3d170afd5167bc4b714067329e24d6234b61e453b482106315359229a17,gemma3:27b,0e1f3521fa819f53d225295b028894f9f6879abf0ec1603c520f7d35bea81104,2026-10-07T07:57:13
gemma3:27b@b8@lem,local,ja_gsd,prompt_tokens_per_s,all,91.06038351314143,74.8878681840232,223.43304148008673,68,0,1234,8,True,3ed2e3d170afd5167bc4b714067329e24d6234b61e453b482106315359229a17,gemma3:27b,0e1f3521fa819f53d225295b028894f9f6879abf0ec1603c520f7d35bea81104,2026-10-07T07:57:13
gemma3:27b@b8@lem,local,ja_gsd,tokens_per_sentence,all,87.4375,61.2,123.68750000000001,68,0,1234,8,True,3ed2e3d170afd5167bc4b714067329e24d6234b61e453b482106315359229a17,gemma3:27b,0e1f3521fa819f53d225295b028894f9f6879abf0ec1603c520f7d35bea81104,2026-10-07T07:57:13
gemma3:27b@b8@lem,local,ja_gsd,wall_s_per_sentence,all,10.507994500017958,6.3904390801792035,15.160154747910568,68,0,1234,8,True,3ed2e3d170afd5167bc4b714067329e24d6234b61e453b482106315359229a17,gemma3:27b,0e1f3521fa819f53d225295b028894f9f6879abf0ec1603c520f7d35bea81104,2026-10-07T07:57:13
gemma3:27b@b8@lem,local,ja_gsd,empty_content_rate,all,0.0,,,68,0,1234,8,True,3ed2e3d170afd5167bc4b714067329e24d6234b61e453b482106315359229a17,gemma3:27b,0e1f3521fa819f53d225295b028894f9f6879abf0ec1603c520f7d35bea81104,2026-10-07T07:57:13
gemma3:27b@lem,local,ja_gsd,eval_tokens_per_s,all,10.510897595533862,9.855139587903574,13.478078608031817,543,0,1234,1,True,cdb0c645f95239e3822e498025881fa1b5b96cda41087228a270b92cceead11e,gemma3:27b,0e1f3521fa819f53d225295b028894f9f6879abf0ec1603c520f7d35bea81104,2026-10-07T07:57:13
gemma3:27b@lem,local,ja_gsd,prompt_tokens_per_s,all,476.3135856711325,293.51539914541905,611.2499887989512,543,0,1234,1,True,cdb0c645f95239e3822e498025881fa1b5b96cda41087228a270b92cceead11e,gemma3:27b,0e1f3521fa819f53d225295b028894f9f6879abf0ec1603c520f7d35bea81104,2026-10-07T07:57:13
gemma3:27b@lem,local,ja_gsd,tokens_per_sentence,all,76.0,29.0,162.40000000000003,543,0,1234,1,True,cdb0c645f95239e3822e498025881fa1b5b96cda41087228a270b92cceead11e,gemma3:27b,0e1f3521fa819f53d225295b028894f9f6879abf0ec1603c520f7d35bea81104,2026-10-07T07:57:13
gemma3:27b@lem,local,ja_gsd,wall_s_per_sentence,all,7.835172749590129,2.8647788921371102,15.885673941113057,543,0,1234,1,True,cdb0c645f95239e3822e498025881fa1b5b96cda41087228a270b92cceead11e,gemma3:27b,0e1f3521fa819f53d225295b028894f9f6879abf0ec1603c520f7d35bea81104,2026-10-07T07:57:13
gemma3:27b@lem,local,ja_gsd,empty_content_rate,all,0.0,,,543,0,1234,1,True,cdb0c645f95239e3822e498025881fa1b5b96cda41087228a270b92cceead11e,gemma3:27b,0e1f3521fa819f53d225295b028894f9f6879abf0ec1603c520f7d35bea81104,2026-10-07T07:57:13
opencode-go/deepseek-v4.1-flash,remote,ja_gsd,tokens_per_sentence,all,45.0,17.0,94.0,543,0,1234,1,False,8295877ae96590fd4e706e482ec81e78d36954d18a3848c13b0ece0cb8e06f1c,deepseek-v4.1-flash,0e1f3521fa819f53d225295b028894f9f6879abf0ec1603c520f7d35bea81104,2026-10-07T07:57:13
opencode-go/deepseek-v4.1-flash,remote,ja_gsd,wall_s_per_sentence,all,2.1920937499962747,1.7410219578072428,3.181413949839771,543,0,1234,1,False,8295877ae96590fd4e706e482ec81e78d36954d18a3848c13b0ece0cb8e06f1c,deepseek-v4.1-flash,0e1f3521fa819f53d225295b028894f9f6879abf0ec1603c520f7d35bea81104,2026-10-07T07:57:13
opencode-go/deepseek-v4.1-flash,remote,ja_gsd,empty_content_rate,all,0.0,,,543,0,1234,1,False,8295877ae96590fd4e706e482ec81e78d36954d18a3848c13b0ece0cb8e06f1c,deepseek-v4.1-flash,0e1f3521fa819f53d225295b028894f9f6879abf0ec1603c520f7d35bea81104,2026-10-07T07:57:13
opencode-go/deepseek-v4.1-flash@b1,remote,ja_gsd,tokens_per_sentence,all,50.0,22.0,99.0,543,0,1234,1,False,4b66ecbc60b56f77c3310947d5e544240838dae142e4d4453f0afc0dbb364d0b,deepseek-v4.1-flash,0e1f3521fa819f53d225295b028894f9f6879abf0ec1603c520f7d35bea81104,2026-10-07T07:57:13
opencode-go/deepseek-v4.1-flash@b1,remote,ja_gsd,wall_s_per_sentence,all,1.125330540817231,0.8181100006215274,1.7432955001480879,543,0,1234,1,False,4b66ecbc60b56f77c3310947d5e544240838dae142e4d4453f0afc0dbb364d0b,deepseek-v4.1-flash,0e1f3521fa819f53d225295b028894f9f6879abf0ec1603c520f7d35bea81104,2026-10-07T07:57:13
opencode-go/deepseek-v4.1-flash@b1,remote,ja_gsd,empty_content_rate,all,0.0,,,543,0,1234,1,False,4b66ecbc60b56f77c3310947d5e544240838dae142e4d4453f0afc0dbb364d0b,deepseek-v4.1-flash,0e1f3521fa819f53d225295b028894f9f6879abf0ec1603c520f7d35bea81104,2026-10-07T07:57:13
opencode-go/deepseek-v4.1-flash@b1@lem,remote,ja_gsd,tokens_per_sentence,all,94.0,40.0,190.0,543,0,1234,1,True,3ed2e3d170afd5167bc4b714067329e24d6234b61e453b482106315359229a17,deepseek-v4.1-flash,0e1f3521fa819f53d225295b028894f9f6879abf0ec1603c520f7d35bea81104,2026-10-07T07:57:13
opencode-go/deepseek-v4.1-flash@b1@lem,remote,ja_gsd,wall_s_per_sentence,all,1.6390700000338256,1.055486017279327,3.961440599989147,543,0,1234,1,True,3ed2e3d170afd5167bc4b714067329e24d6234b61e453b482106315359229a17,deepseek-v4.1-flash,0e1f3521fa819f53d225295b028894f9f6879abf0ec1603c520f7d35bea81104,2026-10-07T07:57:13
opencode-go/deepseek-v4.1-flash@b1@lem,remote,ja_gsd,empty_content_rate,all,0.0,,,543,0,1234,1,True,3ed2e3d170afd5167bc4b714067329e24d6234b61e453b482106315359229a17,deepseek-v4.1-flash,0e1f3521fa819f53d225295b028894f9f6879abf0ec1603c520f7d35bea81104,2026-10-07T07:57:13
opencode-go/deepseek-v4.1-flash@b2,remote,ja_gsd,tokens_per_sentence,all,51.5,30.5,80.9,272,0,1234,2,False,4b66ecbc60b56f77c3310947d5e544240838dae142e4d4453f0afc0dbb364d0b,deepseek-v4.1-flash,0e1f3521fa819f53d225295b028894f9f6879abf0ec1603c520f7d35bea81104,2026-10-07T07:57:13
opencode-go/deepseek-v4.1-flash@b2,remote,ja_gsd,wall_s_per_sentence,all,0.8745092917233706,0.5959879060275852,1.3574296516366304,272,0,1234,2,False,4b66ecbc60b56f77c3310947d5e544240838dae142e4d4453f0afc0dbb364d0b,deepseek-v4.1-flash,0e1f3521fa819f53d225295b028894f9f6879abf0ec1603c520f7d35bea81104,2026-10-07T07:57:13
opencode-go/deepseek-v4.1-flash@b2,remote,ja_gsd,empty_content_rate,all,0.0,,,272,0,1234,2,False,4b66ecbc60b56f77c3310947d5e544240838dae142e4d4453f0afc0dbb364d0b,deepseek-v4.1-flash,0e1f3521fa819f53d225295b028894f9f6879abf0ec1603c520f7d35bea81104,2026-10-07T07:57:13
opencode-go/deepseek-v4.1-flash@b2@lem,remote,ja_gsd,tokens_per_sentence,all,97.0,57.05,159.85000000000002,272,0,1234,2,True,3ed2e3d170afd5167bc4b714067329e24d6234b61e453b482106315359229a17,deepseek-v4.1-flash,0e1f3521fa819f53d225295b028894f9f6879abf0ec1603c520f7d35bea81104,2026-10-07T07:57:13
opencode-go/deepseek-v4.1-flash@b2@lem,remote,ja_gsd,wall_s_per_sentence,all,1.4350636043818668,0.8902899563778192,6.225090139219544,272,0,1234,2,True,3ed2e3d170afd5167bc4b714067329e24d6234b61e453b482106315359229a17,deepseek-v4.1-flash,0e1f3521fa819f53d225295b028894f9f6879abf0ec1603c520f7d35bea81104,2026-10-07T07:57:13
opencode-go/deepseek-v4.1-flash@b2@lem,remote,ja_gsd,empty_content_rate,all,0.0,,,272,0,1234,2,True,3ed2e3d170afd5167bc4b714067329e24d6234b61e453b482106315359229a17,deepseek-v4.1-flash,0e1f3521fa819f53d225295b028894f9f6879abf0ec1603c520f7d35bea81104,2026-10-07T07:57:13
opencode-go/deepseek-v4.1-flash@b4,remote,ja_gsd,tokens_per_sentence,all,50.25,36.625,74.375,136,0,1234,4,False,4b66ecbc60b56f77c3310947d5e544240838dae142e4d4453f0afc0dbb364d0b,deepseek-v4.1-flash,0e1f3521fa819f53d225295b028894f9f6879abf0ec1603c520f7d35bea81104,2026-10-07T07:57:13
opencode-go/deepseek-v4.1-flash@b4,remote,ja_gsd,wall_s_per_sentence,all,0.6140965780359693,0.42530583328334615,0.9191276406636462,136,0,1234,4,False,4b66ecbc60b56f77c3310947d5e544240838dae142e4d4453f0afc0dbb364d0b,deepseek-v4.1-flash,0e1f3521fa819f53d225295b028894f9f6879abf0ec1603c520f7d35bea81104,2026-10-07T07:57:13
opencode-go/deepseek-v4.1-flash@b4,remote,ja_gsd,empty_content_rate,all,0.0,,,136,0,1234,4,False,4b66ecbc60b56f77c3310947d5e544240838dae142e4d4453f0afc0dbb364d0b,deepseek-v4.1-flash,0e1f3521fa819f53d225295b028894f9f6879abf0ec1603c520f7d35bea81104,2026-10-07T07:57:13
opencode-go/deepseek-v4.1-flash@b4@lem,remote,ja_gsd,tokens_per_sentence,all,96.5,66.5,147.625,136,0,1234,4,True,3ed2e3d170afd5167bc4b714067329e24d6234b61e453b482106315359229a17,deepseek-v4.1-flash,0e1f3521fa819f53d225295b028894f9f6879abf0ec1603c520f7d35bea81104,2026-10-07T07:57:13
opencode-go/deepseek-v4.1-flash@b4@lem,remote,ja_gsd,wall_s_per_sentence,all,1.2172099634772167,0.7698631823295727,4.450434416648932,136,0,1234,4,True,3ed2e3d170afd5167bc4b714067329e24d6234b61e453b482106315359229a17,deepseek-v4.1-flash,0e1f3521fa819f53d225295b028894f9f6879abf0ec1603c520f7d35bea81104,2026-10-07T07:57:13
opencode-go/deepseek-v4.1-flash@b4@lem,remote,ja_gsd,empty_content_rate,all,0.0,,,136,0,1234,4,True,3ed2e3d170afd5167bc4b714067329e24d6234b61e453b482106315359229a17,deepseek-v4.1-flash,0e1f3521fa819f53d225295b028894f9f6879abf0ec1603c520f7d35bea81104,2026-10-07T07:57:13
opencode-go/deepseek-v4.1-flash@b8,remote,ja_gsd,tokens_per_sentence,all,52.0,39.775,72.30000000000003,68,0,1234,8,False,4b66ecbc60b56f77c3310947d5e544240838dae142e4d4453f0afc0dbb364d0b,deepseek-v4.1-flash,0e1f3521fa819f53d225295b028894f9f6879abf0ec1603c520f7d35bea81104,2026-10-07T07:57:13
opencode-go/deepseek-v4.1-flash@b8,remote,ja_gsd,wall_s_per_sentence,all,0.636885468789842,0.4374553385947365,1.0876908067206388,68,0,1234,8,False,4b66ecbc60b56f77c3310947d5e544240838dae142e4d4453f0afc0dbb364d0b,deepseek-v4.1-flash,0e1f3521fa819f53d225295b028894f9f6879abf0ec1603c520f7d35bea81104,2026-10-07T07:57:13
opencode-go/deepseek-v4.1-flash@b8,remote,ja_gsd,empty_content_rate,all,0.0,,,68,0,1234,8,False,4b66ecbc60b56f77c3310947d5e544240838dae142e4d4453f0afc0dbb364d0b,deepseek-v4.1-flash,0e1f3521fa819f53d225295b028894f9f6879abf0ec1603c520f7d35bea81104,2026-10-07T07:57:13
opencode-go/deepseek-v4.1-flash@b8@lem,remote,ja_gsd,tokens_per_sentence,all,98.1875,74.1125,135.975,68,0,1234,8,True,3ed2e3d170afd5167bc4b714067329e24d6234b61e453b482106315359229a17,deepseek-v4.1-flash,0e1f3521fa819f53d225295b028894f9f6879abf0ec1603c520f7d35bea81104,2026-10-07T07:57:13
opencode-go/deepseek-v4.1-flash@b8@lem,remote,ja_gsd,wall_s_per_sentence,all,1.0330589088844135,0.713024325564038,1.6388898588542362,68,0,1234,8,True,3ed2e3d170afd5167bc4b714067329e24d6234b61e453b482106315359229a17,deepseek-v4.1-flash,0e1f3521fa819f53d225295b028894f9f6879abf0ec1603c520f7d35bea81104,2026-10-07T07:57:13
opencode-go/deepseek-v4.1-flash@b8@lem,remote,ja_gsd,empty_content_rate,all,0.0,,,68,0,1234,8,True,3ed2e3d170afd5167bc4b714067329e24d6234b61e453b482106315359229a17,deepseek-v4.1-flash,0e1f3521fa819f53d225295b028894f9f6879abf0ec1603c520f7d35bea81104,2026-10-07T07:57:13
opencode-go/deepseek-v4.1-flash@lem,remote,ja_gsd,tokens_per_sentence,all,92.0,36.0,187.0,543,0,1234,1,True,cdb0c645f95239e3822e498025881fa1b5b96cda41087228a270b92cceead11e,deepseek-v4.1-flash,0e1f3521fa819f53d225295b028894f9f6879abf0ec1603c520f7d35bea81104,2026-10-07T07:57:13
opencode-go/deepseek-v4.1-flash@lem,remote,ja_gsd,wall_s_per_sentence,all,1.3908419162034988,0.8634585581719876,2.226668459083885,543,0,1234,1,True,cdb0c645f95239e3822e498025881fa1b5b96cda41087228a270b92cceead11e,deepseek-v4.1-flash,0e1f3521fa819f53d225295b028894f9f6879abf0ec1603c520f7d35bea81104,2026-10-07T07:57:13
opencode-go/deepseek-v4.1-flash@lem,remote,ja_gsd,empty_content_rate,all,0.0,,,543,0,1234,1,True,cdb0c645f95239e3822e498025881fa1b5b96cda41087228a270b92cceead11e,deepseek-v4.1-flash,0e1f3521fa819f53d225295b028894f9f6879abf0ec1603c520f7d35bea81104,2026-10-07T07:57:13
qwen2.5:32b,local,ja_gsd,eval_tokens_per_s,all,8.94969321396974,8.631061036496302,9.893428599167128,543,0,1234,1,False,8295877ae96590fd4e706e482ec81e78d36954d18a3848c13b0ece0cb8e06f1c,qwen2.5:32b,0e1f3521fa819f53d225295b028894f9f6879abf0ec1603c520f7d35bea81104,2026-10-07T07:57:13
qwen2.5:32b,local,ja_gsd,prompt_tokens_per_s,all,256.9122677243856,173.11785990869797,290.07472535724844,543,0,1234,1,False,8295877ae96590fd4e706e482ec81e78d36954d18a3848c13b0ece0cb8e06f1c,qwen2.5:32b,0e1f3521fa819f53d225295b028894f9f6879abf0ec1603c520f7d35bea81104,2026-10-07T07:57:13
qwen2.5:32b,local,ja_gsd,tokens_per_sentence,all,42.0,15.200000000000003,82.0,543,0,1234,1,False,8295877ae96590fd4e706e482ec81e78d36954d18a3848c13b0ece0cb8e06f1c,qwen2.5:32b,0e1f3521fa819f53d225295b028894f9f6879abf0ec1603c520f7d35bea81104,2026-10-07T07:57:13
qwen2.5:32b,local,ja_gsd,wall_s_per_sentence,all,5.465543542057276,2.1515403747558595,10.63213419970125,543,0,1234,1,False,8295877ae96590fd4e706e482ec81e78d36954d18a3848c13b0ece0cb8e06f1c,qwen2.5:32b,0e1f3521fa819f53d225295b028894f9f6879abf0ec1603c520f7d35bea81104,2026-10-07T07:57:13
qwen2.5:32b,local,ja_gsd,empty_content_rate,all,0.0,,,543,0,1234,1,False,8295877ae96590fd4e706e482ec81e78d36954d18a3848c13b0ece0cb8e06f1c,qwen2.5:32b,0e1f3521fa819f53d225295b028894f9f6879abf0ec1603c520f7d35bea81104,2026-10-07T07:57:13
qwen2.5:32b@lem,local,ja_gsd,eval_tokens_per_s,all,8.915118302253425,8.11573267240755,11.628237556880826,326,0,1234,1,True,cdb0c645f95239e3822e498025881fa1b5b96cda41087228a270b92cceead11e,qwen2.5:32b,0e1f3521fa819f53d225295b028894f9f6879abf0ec1603c520f7d35bea81104,2026-10-07T07:57:13
qwen2.5:32b@lem,local,ja_gsd,prompt_tokens_per_s,all,363.9214738107116,237.03836839887913,455.77215608640336,326,0,1234,1,True,cdb0c645f95239e3822e498025881fa1b5b96cda41087228a270b92cceead11e,qwen2.5:32b,0e1f3521fa819f53d225295b028894f9f6879abf0ec1603c520f7d35bea81104,2026-10-07T07:57:13
qwen2.5:32b@lem,local,ja_gsd,tokens_per_sentence,all,76.0,29.5,156.0,326,0,1234,1,True,cdb0c645f95239e3822e498025881fa1b5b96cda41087228a270b92cceead11e,qwen2.5:32b,0e1f3521fa819f53d225295b028894f9f6879abf0ec1603c520f7d35bea81104,2026-10-07T07:57:13
qwen2.5:32b@lem,local,ja_gsd,wall_s_per_sentence,all,9.544760228833184,3.5297487918287516,19.18312106304802,326,0,1234,1,True,cdb0c645f95239e3822e498025881fa1b5b96cda41087228a270b92cceead11e,qwen2.5:32b,0e1f3521fa819f53d225295b028894f9f6879abf0ec1603c520f7d35bea81104,2026-10-07T07:57:13
qwen2.5:32b@lem,local,ja_gsd,empty_content_rate,all,0.0,,,326,0,1234,1,True,cdb0c645f95239e3822e498025881fa1b5b96cda41087228a270b92cceead11e,qwen2.5:32b,0e1f3521fa819f53d225295b028894f9f6879abf0ec1603c520f7d35bea81104,2026-10-07T07:57:13
sakana-namazu,remote,ja_gsd,tokens_per_sentence,all,47.0,18.1,97.0,542,0,1234,1,False,8295877ae96590fd4e706e482ec81e78d36954d18a3848c13b0ece0cb8e06f1c,sakana-namazu,0e1f3521fa819f53d225295b028894f9f6879abf0ec1603c520f7d35bea81104,2026-10-07T07:57:13
sakana-namazu,remote,ja_gsd,wall_s_per_sentence,all,1.0250479790847749,0.8138023244682699,1.5371730127371848,542,0,1234,1,False,8295877ae96590fd4e706e482ec81e78d36954d18a3848c13b0ece0cb8e06f1c,sakana-namazu,0e1f3521fa819f53d225295b028894f9f6879abf0ec1603c520f7d35bea81104,2026-10-07T07:57:13
sakana-namazu,remote,ja_gsd,empty_content_rate,all,0.0,,,543,0,1234,1,False,8295877ae96590fd4e706e482ec81e78d36954d18a3848c13b0ece0cb8e06f1c,sakana-namazu,0e1f3521fa819f53d225295b028894f9f6879abf0ec1603c520f7d35bea81104,2026-10-07T07:57:13
sakana-namazu@b1,remote,ja_gsd,tokens_per_sentence,all,53.0,23.0,103.80000000000001,543,0,1234,1,False,4b66ecbc60b56f77c3310947d5e544240838dae142e4d4453f0afc0dbb364d0b,sakana-namazu,0e1f3521fa819f53d225295b028894f9f6879abf0ec1603c520f7d35bea81104,2026-10-07T07:57:13
sakana-namazu@b1,remote,ja_gsd,wall_s_per_sentence,all,0.9594369167461991,0.7529973339289426,1.5381283339112997,543,0,1234,1,False,4b66ecbc60b56f77c3310947d5e544240838dae142e4d4453f0afc0dbb364d0b,sakana-namazu,0e1f3521fa819f53d225295b028894f9f6879abf0ec1603c520f7d35bea81104,2026-10-07T07:57:13
sakana-namazu@b1,remote,ja_gsd,empty_content_rate,all,0.0,,,543,0,1234,1,False,4b66ecbc60b56f77c3310947d5e544240838dae142e4d4453f0afc0dbb364d0b,sakana-namazu,0e1f3521fa819f53d225295b028894f9f6879abf0ec1603c520f7d35bea81104,2026-10-07T07:57:13
sakana-namazu@b1@lem,remote,ja_gsd,tokens_per_sentence,all,99.0,41.0,196.8,543,0,1234,1,True,3ed2e3d170afd5167bc4b714067329e24d6234b61e453b482106315359229a17,sakana-namazu,0e1f3521fa819f53d225295b028894f9f6879abf0ec1603c520f7d35bea81104,2026-10-07T07:57:13
sakana-namazu@b1@lem,remote,ja_gsd,wall_s_per_sentence,all,1.2498510833829641,0.8810813999734819,1.9725361086428166,543,0,1234,1,True,3ed2e3d170afd5167bc4b714067329e24d6234b61e453b482106315359229a17,sakana-namazu,0e1f3521fa819f53d225295b028894f9f6879abf0ec1603c520f7d35bea81104,2026-10-07T07:57:13
sakana-namazu@b1@lem,remote,ja_gsd,empty_content_rate,all,0.0,,,543,0,1234,1,True,3ed2e3d170afd5167bc4b714067329e24d6234b61e453b482106315359229a17,sakana-namazu,0e1f3521fa819f53d225295b028894f9f6879abf0ec1603c520f7d35bea81104,2026-10-07T07:57:13
sakana-namazu@b2,remote,ja_gsd,tokens_per_sentence,all,54.0,31.5,84.5,272,0,1234,2,False,4b66ecbc60b56f77c3310947d5e544240838dae142e4d4453f0afc0dbb364d0b,sakana-namazu,0e1f3521fa819f53d225295b028894f9f6879abf0ec1603c520f7d35bea81104,2026-10-07T07:57:13
sakana-namazu@b2,remote,ja_gsd,wall_s_per_sentence,all,0.590678156237118,0.4606674754060805,0.8438364688772709,272,0,1234,2,False,4b66ecbc60b56f77c3310947d5e544240838dae142e4d4453f0afc0dbb364d0b,sakana-namazu,0e1f3521fa819f53d225295b028894f9f6879abf0ec1603c520f7d35bea81104,2026-10-07T07:57:13
sakana-namazu@b2,remote,ja_gsd,empty_content_rate,all,0.0,,,272,0,1234,2,False,4b66ecbc60b56f77c3310947d5e544240838dae142e4d4453f0afc0dbb364d0b,sakana-namazu,0e1f3521fa819f53d225295b028894f9f6879abf0ec1603c520f7d35bea81104,2026-10-07T07:57:13
sakana-namazu@b2@lem,remote,ja_gsd,tokens_per_sentence,all,103.5,59.5,164.9,272,0,1234,2,True,3ed2e3d170afd5167bc4b714067329e24d6234b61e453b482106315359229a17,sakana-namazu,0e1f3521fa819f53d225295b028894f9f6879abf0ec1603c520f7d35bea81104,2026-10-07T07:57:13
sakana-namazu@b2@lem,remote,ja_gsd,wall_s_per_sentence,all,1.023457604344003,0.6582131168106571,1.8136635374510661,272,0,1234,2,True,3ed2e3d170afd5167bc4b714067329e24d6234b61e453b482106315359229a17,sakana-namazu,0e1f3521fa819f53d225295b028894f9f6879abf0ec1603c520f7d35bea81104,2026-10-07T07:57:13
sakana-namazu@b2@lem,remote,ja_gsd,empty_content_rate,all,0.0,,,272,0,1234,2,True,3ed2e3d170afd5167bc4b714067329e24d6234b61e453b482106315359229a17,sakana-namazu,0e1f3521fa819f53d225295b028894f9f6879abf0ec1603c520f7d35bea81104,2026-10-07T07:57:13
sakana-namazu@b4,remote,ja_gsd,tokens_per_sentence,all,54.375,39.0,77.0,136,0,1234,4,False,4b66ecbc60b56f77c3310947d5e544240838dae142e4d4453f0afc0dbb364d0b,sakana-namazu,0e1f3521fa819f53d225295b028894f9f6879abf0ec1603c520f7d35bea81104,2026-10-07T07:57:13
sakana-namazu@b4,remote,ja_gsd,wall_s_per_sentence,all,0.5971791666233912,0.40057065611472353,1.0501681718742475,136,0,1234,4,False,4b66ecbc60b56f77c3310947d5e544240838dae142e4d4453f0afc0dbb364d0b,sakana-namazu,0e1f3521fa819f53d225295b028894f9f6879abf0ec1603c520f7d35bea81104,2026-10-07T07:57:13
sakana-namazu@b4,remote,ja_gsd,empty_content_rate,all,0.0,,,136,0,1234,4,False,4b66ecbc60b56f77c3310947d5e544240838dae142e4d4453f0afc0dbb364d0b,sakana-namazu,0e1f3521fa819f53d225295b028894f9f6879abf0ec1603c520f7d35bea81104,2026-10-07T07:57:13
sakana-namazu@b4@lem,remote,ja_gsd,tokens_per_sentence,all,103.875,73.25,152.125,136,0,1234,4,True,3ed2e3d170afd5167bc4b714067329e24d6234b61e453b482106315359229a17,sakana-namazu,0e1f3521fa819f53d225295b028894f9f6879abf0ec1603c520f7d35bea81104,2026-10-07T07:57:13
sakana-namazu@b4@lem,remote,ja_gsd,wall_s_per_sentence,all,0.6940260885749012,0.4489288853947073,1.1213414114899933,136,0,1234,4,True,3ed2e3d170afd5167bc4b714067329e24d6234b61e453b482106315359229a17,sakana-namazu,0e1f3521fa819f53d225295b028894f9f6879abf0ec1603c520f7d35bea81104,2026-10-07T07:57:13
sakana-namazu@b4@lem,remote,ja_gsd,empty_content_rate,all,0.0,,,136,0,1234,4,True,3ed2e3d170afd5167bc4b714067329e24d6234b61e453b482106315359229a17,sakana-namazu,0e1f3521fa819f53d225295b028894f9f6879abf0ec1603c520f7d35bea81104,2026-10-07T07:57:13
sakana-namazu@b8,remote,ja_gsd,tokens_per_sentence,all,53.1875,39.3,76.75,68,0,1234,8,False,4b66ecbc60b56f77c3310947d5e544240838dae142e4d4453f0afc0dbb364d0b,sakana-namazu,0e1f3521fa819f53d225295b028894f9f6879abf0ec1603c520f7d35bea81104,2026-10-07T07:57:13
sakana-namazu@b8,remote,ja_gsd,wall_s_per_sentence,all,0.3351093671808485,0.22345206150203012,0.6975559593818617,68,0,1234,8,False,4b66ecbc60b56f77c3310947d5e544240838dae142e4d4453f0afc0dbb364d0b,sakana-namazu,0e1f3521fa819f53d225295b028894f9f6879abf0ec1603c520f7d35bea81104,2026-10-07T07:57:13
sakana-namazu@b8,remote,ja_gsd,empty_content_rate,all,0.0,,,68,0,1234,8,False,4b66ecbc60b56f77c3310947d5e544240838dae142e4d4453f0afc0dbb364d0b,sakana-namazu,0e1f3521fa819f53d225295b028894f9f6879abf0ec1603c520f7d35bea81104,2026-10-07T07:57:13
sakana-namazu@b8@lem,remote,ja_gsd,tokens_per_sentence,all,105.6875,74.0375,150.05,68,0,1234,8,True,3ed2e3d170afd5167bc4b714067329e24d6234b61e453b482106315359229a17,sakana-namazu,0e1f3521fa819f53d225295b028894f9f6879abf0ec1603c520f7d35bea81104,2026-10-07T07:57:13
sakana-namazu@b8@lem,remote,ja_gsd,wall_s_per_sentence,all,0.6010273879801389,0.39104141350253485,1.1415989167464433,68,0,1234,8,True,3ed2e3d170afd5167bc4b714067329e24d6234b61e453b482106315359229a17,sakana-namazu,0e1f3521fa819f53d225295b028894f9f6879abf0ec1603c520f7d35bea81104,2026-10-07T07:57:13
sakana-namazu@b8@lem,remote,ja_gsd,empty_content_rate,all,0.0,,,68,0,1234,8,True,3ed2e3d170afd5167bc4b714067329e24d6234b61e453b482106315359229a17,sakana-namazu,0e1f3521fa819f53d225295b028894f9f6879abf0ec1603c520f7d35bea81104,2026-10-07T07:57:13
sakana-namazu@lem,remote,ja_gsd,tokens_per_sentence,all,94.0,36.0,196.8,543,0,1234,1,True,cdb0c645f95239e3822e498025881fa1b5b96cda41087228a270b92cceead11e,sakana-namazu,0e1f3521fa819f53d225295b028894f9f6879abf0ec1603c520f7d35bea81104,2026-10-07T07:57:13
sakana-namazu@lem,remote,ja_gsd,wall_s_per_sentence,all,1.1102729593403637,0.8032017244026065,1.639581299945712,543,0,1234,1,True,cdb0c645f95239e3822e498025881fa1b5b96cda41087228a270b92cceead11e,sakana-namazu,0e1f3521fa819f53d225295b028894f9f6879abf0ec1603c520f7d35bea81104,2026-10-07T07:57:13
sakana-namazu@lem,remote,ja_gsd,empty_content_rate,all,0.0,,,543,0,1234,1,True,cdb0c645f95239e3822e498025881fa1b5b96cda41087228a270b92cceead11e,sakana-namazu,0e1f3521fa819f53d225295b028894f9f6879abf0ec1603c520f7d35bea81104,2026-10-07T07:57:13
gemma3:27b,local,kwdlc,boundary_precision,all,0.9503980678057071,0.9466990429082476,0.9542305623956053,2013,1000,1234,1,False,8295877ae96590fd4e706e482ec81e78d36954d18a3848c13b0ece0cb8e06f1c,gemma3:27b,5c754f9e14542a17ac1f0726df6458838eebfa9e94a1c291e824f6e3fe86ff45,2026-10-07T07:59:44
gemma3:27b,local,kwdlc,boundary_recall,all,0.6632229470333032,0.6539321907625929,0.671987591541008,2013,1000,1234,1,False,8295877ae96590fd4e706e482ec81e78d36954d18a3848c13b0ece0cb8e06f1c,gemma3:27b,5c754f9e14542a17ac1f0726df6458838eebfa9e94a1c291e824f6e3fe86ff45,2026-10-07T07:59:44
gemma3:27b,local,kwdlc,boundary_f1,all,0.7812563192823134,0.775143175919514,0.7875017790092637,2013,1000,1234,1,False,8295877ae96590fd4e706e482ec81e78d36954d18a3848c13b0ece0cb8e06f1c,gemma3:27b,5c754f9e14542a17ac1f0726df6458838eebfa9e94a1c291e824f6e3fe86ff45,2026-10-07T07:59:44
gemma3:27b,local,kwdlc,word_precision,all,0.6327971109652003,0.6244053309446523,0.64157801498896,2013,1000,1234,1,False,8295877ae96590fd4e706e482ec81e78d36954d18a3848c13b0ece0cb8e06f1c,gemma3:27b,5c754f9e14542a17ac1f0726df6458838eebfa9e94a1c291e824f6e3fe86ff45,2026-10-07T07:59:44
gemma3:27b,local,kwdlc,word_recall,all,0.45283683777751677,0.4417108457539004,0.4639957062372666,2013,1000,1234,1,False,8295877ae96590fd4e706e482ec81e78d36954d18a3848c13b0ece0cb8e06f1c,gemma3:27b,5c754f9e14542a17ac1f0726df6458838eebfa9e94a1c291e824f6e3fe86ff45,2026-10-07T07:59:44
gemma3:27b,local,kwdlc,word_f1,all,0.5279014036288942,0.5174525590195642,0.5384165526179848,2013,1000,1234,1,False,8295877ae96590fd4e706e482ec81e78d36954d18a3848c13b0ece0cb8e06f1c,gemma3:27b,5c754f9e14542a17ac1f0726df6458838eebfa9e94a1c291e824f6e3fe86ff45,2026-10-07T07:59:44
gemma3:27b,local,kwdlc,parse_rate,all,0.9518132141082961,,,2013,1000,1234,1,False,8295877ae96590fd4e706e482ec81e78d36954d18a3848c13b0ece0cb8e06f1c,gemma3:27b,5c754f9e14542a17ac1f0726df6458838eebfa9e94a1c291e824f6e3fe86ff45,2026-10-07T07:59:44
gemma3:27b,local,kwdlc,word_recall,proper_noun,0.38283378746594005,0.3370160894946244,0.42918644099920394,2013,1000,1234,1,False,8295877ae96590fd4e706e482ec81e78d36954d18a3848c13b0ece0cb8e06f1c,gemma3:27b,5c754f9e14542a17ac1f0726df6458838eebfa9e94a1c291e824f6e3fe86ff45,2026-10-07T07:59:44
gemma3:27b,local,kwdlc,word_recall,katakana,0.54082774049217,0.5077325276607146,0.5735090897315868,2013,1000,1234,1,False,8295877ae96590fd4e706e482ec81e78d36954d18a3848c13b0ece0cb8e06f1c,gemma3:27b,5c754f9e14542a17ac1f0726df6458838eebfa9e94a1c291e824f6e3fe86ff45,2026-10-07T07:59:44
gemma3:27b,local,kwdlc,word_recall,other,0.449476688867745,0.4384150049545172,0.461118511061827,2013,1000,1234,1,False,8295877ae96590fd4e706e482ec81e78d36954d18a3848c13b0ece0cb8e06f1c,gemma3:27b,5c754f9e14542a17ac1f0726df6458838eebfa9e94a1c291e824f6e3fe86ff45,2026-10-07T07:59:44
gemma3:27b@lem,local,kwdlc,boundary_precision,all,0.9515205426141102,0.9482852329199188,0.9547067681591664,2013,1000,1234,1,True,cdb0c645f95239e3822e498025881fa1b5b96cda41087228a270b92cceead11e,gemma3:27b,5c754f9e14542a17ac1f0726df6458838eebfa9e94a1c291e824f6e3fe86ff45,2026-10-07T07:59:44
gemma3:27b@lem,local,kwdlc,boundary_recall,all,0.534192702643653,0.5149433376740478,0.5521344343911453,2013,1000,1234,1,True,cdb0c645f95239e3822e498025881fa1b5b96cda41087228a270b92cceead11e,gemma3:27b,5c754f9e14542a17ac1f0726df6458838eebfa9e94a1c291e824f6e3fe86ff45,2026-10-07T07:59:44
gemma3:27b@lem,local,kwdlc,boundary_f1,all,0.6842441930196298,0.6674084501681108,0.7004210642808859,2013,1000,1234,1,True,cdb0c645f95239e3822e498025881fa1b5b96cda41087228a270b92cceead11e,gemma3:27b,5c754f9e14542a17ac1f0726df6458838eebfa9e94a1c291e824f6e3fe86ff45,2026-10-07T07:59:44
gemma3:27b@lem,local,kwdlc,word_precision,all,0.7666494312306101,0.7596550706552396,0.7735554845249922,2013,1000,1234,1,True,cdb0c645f95239e3822e498025881fa1b5b96cda41087228a270b92cceead11e,gemma3:27b,5c754f9e14542a17ac1f0726df6458838eebfa9e94a1c291e824f6e3fe86ff45,2026-10-07T07:59:44
gemma3:27b@lem,local,kwdlc,word_recall,all,0.43542229531305066,0.4201029544818338,0.4510732555111954,2013,1000,1234,1,True,cdb0c645f95239e3822e498025881fa1b5b96cda41087228a270b92cceead11e,gemma3:27b,5c754f9e14542a17ac1f0726df6458838eebfa9e94a1c291e824f6e3fe86ff45,2026-10-07T07:59:44
gemma3:27b@lem,local,kwdlc,word_f1,all,0.5554015582858856,0.5413666127392813,0.5686019705633321,2013,1000,1234,1,True,cdb0c645f95239e3822e498025881fa1b5b96cda41087228a270b92cceead11e,gemma3:27b,5c754f9e14542a17ac1f0726df6458838eebfa9e94a1c291e824f6e3fe86ff45,2026-10-07T07:59:44
gemma3:27b@lem,local,kwdlc,parse_rate,all,0.6721311475409836,,,2013,1000,1234,1,True,cdb0c645f95239e3822e498025881fa1b5b96cda41087228a270b92cceead11e,gemma3:27b,5c754f9e14542a17ac1f0726df6458838eebfa9e94a1c291e824f6e3fe86ff45,2026-10-07T07:59:44
gemma3:27b@lem,local,kwdlc,word_recall,proper_noun,0.38419618528610355,0.3338145285254511,0.430501217981841,2013,1000,1234,1,True,cdb0c645f95239e3822e498025881fa1b5b96cda41087228a270b92cceead11e,gemma3:27b,5c754f9e14542a17ac1f0726df6458838eebfa9e94a1c291e824f6e3fe86ff45,2026-10-07T07:59:44
gemma3:27b@lem,local,kwdlc,word_recall,katakana,0.4843400447427293,0.4537113114219505,0.5201391855530427,2013,1000,1234,1,True,cdb0c645f95239e3822e498025881fa1b5b96cda41087228a270b92cceead11e,gemma3:27b,5c754f9e14542a17ac1f0726df6458838eebfa9e94a1c291e824f6e3fe86ff45,2026-10-07T07:59:44
gemma3:27b@lem,local,kwdlc,word_recall,other,0.4338407865524897,0.41731468591515297,0.45253384559746,2013,1000,1234,1,True,cdb0c645f95239e3822e498025881fa1b5b96cda41087228a270b92cceead11e,gemma3:27b,5c754f9e14542a17ac1f0726df6458838eebfa9e94a1c291e824f6e3fe86ff45,2026-10-07T07:59:44
gemma3:27b@lem,local,kwdlc,lemma_accuracy,all,0.916840898361098,0.9104812087259327,0.9226169705040411,2013,1000,1234,1,True,cdb0c645f95239e3822e498025881fa1b5b96cda41087228a270b92cceead11e,gemma3:27b,5c754f9e14542a17ac1f0726df6458838eebfa9e94a1c291e824f6e3fe86ff45,2026-10-07T07:59:44
gemma3:27b@lem,local,kwdlc,lemma_coverage,all,0.43542229531305066,0.41933885692758804,0.4508136326671403,2013,1000,1234,1,True,cdb0c645f95239e3822e498025881fa1b5b96cda41087228a270b92cceead11e,gemma3:27b,5c754f9e14542a17ac1f0726df6458838eebfa9e94a1c291e824f6e3fe86ff45,2026-10-07T07:59:44
mecab,baseline,kwdlc,boundary_precision,all,0.9045528408928928,0.9012911619296697,0.9076726197161091,2013,1000,1234,1,False,,,5c754f9e14542a17ac1f0726df6458838eebfa9e94a1c291e824f6e3fe86ff45,2026-10-07T07:59:44
mecab,baseline,kwdlc,boundary_recall,all,0.9903242922687974,0.9892093061748234,0.9914491025179264,2013,1000,1234,1,False,,,5c754f9e14542a17ac1f0726df6458838eebfa9e94a1c291e824f6e3fe86ff45,2026-10-07T07:59:44
mecab,baseline,kwdlc,boundary_f1,all,0.9454973478753202,0.943725205345398,0.9473087123695705,2013,1000,1234,1,False,,,5c754f9e14542a17ac1f0726df6458838eebfa9e94a1c291e824f6e3fe86ff45,2026-10-07T07:59:44
mecab,baseline,kwdlc,word_precision,all,0.8172283634402804,0.8119928355365825,0.8229269790608525,2013,1000,1234,1,False,,,5c754f9e14542a17ac1f0726df6458838eebfa9e94a1c291e824f6e3fe86ff45,2026-10-07T07:59:44
mecab,baseline,kwdlc,word_recall,all,0.8901386115352989,0.8864231324585274,0.8938812296941981,2013,1000,1234,1,False,,,5c754f9e14542a17ac1f0726df6458838eebfa9e94a1c291e824f6e3fe86ff45,2026-10-07T07:59:44
mecab,baseline,kwdlc,word_f1,all,0.8521267324505918,0.8475404051015474,0.8565424278031925,2013,1000,1234,1,False,,,5c754f9e14542a17ac1f0726df6458838eebfa9e94a1c291e824f6e3fe86ff45,2026-10-07T07:59:44
mecab,baseline,kwdlc,parse_rate,all,1.0,,,2013,1000,1234,1,False,,,5c754f9e14542a17ac1f0726df6458838eebfa9e94a1c291e824f6e3fe86ff45,2026-10-07T07:59:44
mecab,baseline,kwdlc,word_recall,proper_noun,0.8664850136239782,0.8353135941232289,0.8929620470917106,2013,1000,1234,1,False,,,5c754f9e14542a17ac1f0726df6458838eebfa9e94a1c291e824f6e3fe86ff45,2026-10-07T07:59:44
mecab,baseline,kwdlc,word_recall,katakana,0.9401565995525727,0.9268289352746067,0.9537313961273045,2013,1000,1234,1,False,,,5c754f9e14542a17ac1f0726df6458838eebfa9e94a1c291e824f6e3fe86ff45,2026-10-07T07:59:44
mecab,baseline,kwdlc,word_recall,other,0.8878528385664447,0.8840028202326179,0.8914629458532116,2013,1000,1234,1,False,,,5c754f9e14542a17ac1f0726df6458838eebfa9e94a1c291e824f6e3fe86ff45,2026-10-07T07:59:44
mecab,baseline,kwdlc,lemma_accuracy,all,0.7584045396060836,0.7534899188741411,0.7632897697588871,2013,1000,1234,1,False,,,5c754f9e14542a17ac1f0726df6458838eebfa9e94a1c291e824f6e3fe86ff45,2026-10-07T07:59:44
mecab,baseline,kwdlc,lemma_coverage,all,0.8901386115352989,0.8865404543750806,0.8935094319967749,2013,1000,1234,1,False,,,5c754f9e14542a17ac1f0726df6458838eebfa9e94a1c291e824f6e3fe86ff45,2026-10-07T07:59:44
opencode-go/deepseek-v4.1-flash,remote,kwdlc,boundary_precision,all,0.9381469567156098,0.9353118740623129,0.9406998084808808,2013,1000,1234,1,False,8295877ae96590fd4e706e482ec81e78d36954d18a3848c13b0ece0cb8e06f1c,deepseek-v4.1-flash,5c754f9e14542a17ac1f0726df6458838eebfa9e94a1c291e824f6e3fe86ff45,2026-10-07T07:59:44
opencode-go/deepseek-v4.1-flash,remote,kwdlc,boundary_recall,all,0.9193482942663629,0.9156303672448556,0.9227735837046007,2013,1000,1234,1,False,8295877ae96590fd4e706e482ec81e78d36954d18a3848c13b0ece0cb8e06f1c,deepseek-v4.1-flash,5c754f9e14542a17ac1f0726df6458838eebfa9e94a1c291e824f6e3fe86ff45,2026-10-07T07:59:44
opencode-go/deepseek-v4.1-flash,remote,kwdlc,boundary_f1,all,0.9286525001576392,0.9264948423211067,0.9305931774085802,2013,1000,1234,1,False,8295877ae96590fd4e706e482ec81e78d36954d18a3848c13b0ece0cb8e06f1c,deepseek-v4.1-flash,5c754f9e14542a17ac1f0726df6458838eebfa9e94a1c291e824f6e3fe86ff45,2026-10-07T07:59:44
opencode-go/deepseek-v4.1-flash,remote,kwdlc,word_precision,all,0.819161354045075,0.8137801753578008,0.8244949694703787,2013,1000,1234,1,False,8295877ae96590fd4e706e482ec81e78d36954d18a3848c13b0ece0cb8e06f1c,deepseek-v4.1-flash,5c754f9e14542a17ac1f0726df6458838eebfa9e94a1c291e824f6e3fe86ff45,2026-10-07T07:59:44
opencode-go/deepseek-v4.1-flash,remote,kwdlc,word_recall,all,0.8037413367790438,0.7976440266759096,0.8100821344057068,2013,1000,1234,1,False,8295877ae96590fd4e706e482ec81e78d36954d18a3848c13b0ece0cb8e06f1c,deepseek-v4.1-flash,5c754f9e14542a17ac1f0726df6458838eebfa9e94a1c291e824f6e3fe86ff45,2026-10-07T07:59:44
opencode-go/deepseek-v4.1-flash,remote,kwdlc,word_f1,all,0.8113780887301189,0.8062924763070906,0.8172238858990628,2013,1000,1234,1,False,8295877ae96590fd4e706e482ec81e78d36954d18a3848c13b0ece0cb8e06f1c,deepseek-v4.1-flash,5c754f9e14542a17ac1f0726df6458838eebfa9e94a1c291e824f6e3fe86ff45,2026-10-07T07:59:44
opencode-go/deepseek-v4.1-flash,remote,kwdlc,parse_rate,all,0.9935419771485345,,,2013,1000,1234,1,False,8295877ae96590fd4e706e482ec81e78d36954d18a3848c13b0ece0cb8e06f1c,deepseek-v4.1-flash,5c754f9e14542a17ac1f0726df6458838eebfa9e94a1c291e824f6e3fe86ff45,2026-10-07T07:59:44
opencode-go/deepseek-v4.1-flash,remote,kwdlc,word_recall,proper_noun,0.720708446866485,0.6781410065271912,0.7605825081970773,2013,1000,1234,1,False,8295877ae96590fd4e706e482ec81e78d36954d18a3848c13b0ece0cb8e06f1c,deepseek-v4.1-flash,5c754f9e14542a17ac1f0726df6458838eebfa9e94a1c291e824f6e3fe86ff45,2026-10-07T07:59:44
opencode-go/deepseek-v4.1-flash,remote,kwdlc,word_recall,katakana,0.8803131991051454,0.8595896001687132,0.9015711367281205,2013,1000,1234,1,False,8295877ae96590fd4e706e482ec81e78d36954d18a3848c13b0ece0cb8e06f1c,deepseek-v4.1-flash,5c754f9e14542a17ac1f0726df6458838eebfa9e94a1c291e824f6e3fe86ff45,2026-10-07T07:59:44
opencode-go/deepseek-v4.1-flash,remote,kwdlc,word_recall,other,0.8013320647002854,0.7952530742071763,0.8075028340523669,2013,1000,1234,1,False,8295877ae96590fd4e706e482ec81e78d36954d18a3848c13b0ece0cb8e06f1c,deepseek-v4.1-flash,5c754f9e14542a17ac1f0726df6458838eebfa9e94a1c291e824f6e3fe86ff45,2026-10-07T07:59:44
opencode-go/deepseek-v4.1-flash@lem,remote,kwdlc,boundary_precision,all,0.9404615682978861,0.937831627082292,0.9432398882972124,2013,1000,1234,1,True,cdb0c645f95239e3822e498025881fa1b5b96cda41087228a270b92cceead11e,deepseek-v4.1-flash,5c754f9e14542a17ac1f0726df6458838eebfa9e94a1c291e824f6e3fe86ff45,2026-10-07T07:59:44
opencode-go/deepseek-v4.1-flash@lem,remote,kwdlc,boundary_recall,all,0.9081432004744218,0.9004786789797836,0.9154697123165576,2013,1000,1234,1,True,cdb0c645f95239e3822e498025881fa1b5b96cda41087228a270b92cceead11e,deepseek-v4.1-flash,5c754f9e14542a17ac1f0726df6458838eebfa9e94a1c291e824f6e3fe86ff45,2026-10-07T07:59:44
opencode-go/deepseek-v4.1-flash@lem,remote,kwdlc,boundary_f1,all,0.9240198802737506,0.9199594031457237,0.9281806765174377,2013,1000,1234,1,True,cdb0c645f95239e3822e498025881fa1b5b96cda41087228a270b92cceead11e,deepseek-v4.1-flash,5c754f9e14542a17ac1f0726df6458838eebfa9e94a1c291e824f6e3fe86ff45,2026-10-07T07:59:44
opencode-go/deepseek-v4.1-flash@lem,remote,kwdlc,word_precision,all,0.830127912982712,0.8245491833298217,0.8351924061913459,2013,1000,1234,1,True,cdb0c645f95239e3822e498025881fa1b5b96cda41087228a270b92cceead11e,deepseek-v4.1-flash,5c754f9e14542a17ac1f0726df6458838eebfa9e94a1c291e824f6e3fe86ff45,2026-10-07T07:59:44
opencode-go/deepseek-v4.1-flash@lem,remote,kwdlc,word_recall,all,0.8023610947961941,0.7942045097051308,0.8102744953835698,2013,1000,1234,1,True,cdb0c645f95239e3822e498025881fa1b5b96cda41087228a270b92cceead11e,deepseek-v4.1-flash,5c754f9e14542a17ac1f0726df6458838eebfa9e94a1c291e824f6e3fe86ff45,2026-10-07T07:59:44
opencode-go/deepseek-v4.1-flash@lem,remote,kwdlc,word_f1,all,0.816008362577466,0.8095540748545785,0.8217671189022959,2013,1000,1234,1,True,cdb0c645f95239e3822e498025881fa1b5b96cda41087228a270b92cceead11e,deepseek-v4.1-flash,5c754f9e14542a17ac1f0726df6458838eebfa9e94a1c291e824f6e3fe86ff45,2026-10-07T07:59:44
opencode-go/deepseek-v4.1-flash@lem,remote,kwdlc,parse_rate,all,0.9811227024341779,,,2013,1000,1234,1,True,cdb0c645f95239e3822e498025881fa1b5b96cda41087228a270b92cceead11e,deepseek-v4.1-flash,5c754f9e14542a17ac1f0726df6458838eebfa9e94a1c291e824f6e3fe86ff45,2026-10-07T07:59:44
opencode-go/deepseek-v4.1-flash@lem,remote,kwdlc,word_recall,proper_noun,0.8092643051771117,0.7736525276160419,0.8418233982601083,2013,1000,1234,1,True,cdb0c645f95239e3822e498025881fa1b5b96cda41087228a270b92cceead11e,deepseek-v4.1-flash,5c754f9e14542a17ac1f0726df6458838eebfa9e94a1c291e824f6e3fe86ff45,2026-10-07T07:59:44
opencode-go/deepseek-v4.1-flash@lem,remote,kwdlc,word_recall,katakana,0.8495525727069351,0.8251570936791734,0.8732669750344948,2013,1000,1234,1,True,cdb0c645f95239e3822e498025881fa1b5b96cda41087228a270b92cceead11e,deepseek-v4.1-flash,5c754f9e14542a17ac1f0726df6458838eebfa9e94a1c291e824f6e3fe86ff45,2026-10-07T07:59:44
opencode-go/deepseek-v4.1-flash@lem,remote,kwdlc,word_recall,other,0.7995242626070409,0.7909754326294185,0.8079190938918601,2013,1000,1234,1,True,cdb0c645f95239e3822e498025881fa1b5b96cda41087228a270b92cceead11e,deepseek-v4.1-flash,5c754f9e14542a17ac1f0726df6458838eebfa9e94a1c291e824f6e3fe86ff45,2026-10-07T07:59:44
opencode-go/deepseek-v4.1-flash@lem,remote,kwdlc,lemma_accuracy,all,0.9639118658956153,0.9616780065731955,0.9660099236857191,2013,1000,1234,1,True,cdb0c645f95239e3822e498025881fa1b5b96cda41087228a270b92cceead11e,deepseek-v4.1-flash,5c754f9e14542a17ac1f0726df6458838eebfa9e94a1c291e824f6e3fe86ff45,2026-10-07T07:59:44
opencode-go/deepseek-v4.1-flash@lem,remote,kwdlc,lemma_coverage,all,0.8023610947961941,0.7939689763405575,0.8104295190092247,2013,1000,1234,1,True,cdb0c645f95239e3822e498025881fa1b5b96cda41087228a270b92cceead11e,deepseek-v4.1-flash,5c754f9e14542a17ac1f0726df6458838eebfa9e94a1c291e824f6e3fe86ff45,2026-10-07T07:59:44
sakana-namazu,remote,kwdlc,boundary_precision,all,0.938324373059071,0.9354918868708525,0.9410193959391527,2012,1000,1234,1,False,8295877ae96590fd4e706e482ec81e78d36954d18a3848c13b0ece0cb8e06f1c,sakana-namazu,5c754f9e14542a17ac1f0726df6458838eebfa9e94a1c291e824f6e3fe86ff45,2026-10-07T07:59:44
sakana-namazu,remote,kwdlc,boundary_recall,all,0.8773025288791758,0.8705911017828885,0.8835238256252392,2012,1000,1234,1,False,8295877ae96590fd4e706e482ec81e78d36954d18a3848c13b0ece0cb8e06f1c,sakana-namazu,5c754f9e14542a17ac1f0726df6458838eebfa9e94a1c291e824f6e3fe86ff45,2026-10-07T07:59:44
sakana-namazu,remote,kwdlc,boundary_f1,all,0.9067880020007423,0.9031438985168597,0.9103669352357625,2012,1000,1234,1,False,8295877ae96590fd4e706e482ec81e78d36954d18a3848c13b0ece0cb8e06f1c,sakana-namazu,5c754f9e14542a17ac1f0726df6458838eebfa9e94a1c291e824f6e3fe86ff45,2026-10-07T07:59:44
sakana-namazu,remote,kwdlc,word_precision,all,0.7951750680559467,0.7894413907266279,0.80039219892122,2012,1000,1234,1,False,8295877ae96590fd4e706e482ec81e78d36954d18a3848c13b0ece0cb8e06f1c,sakana-namazu,5c754f9e14542a17ac1f0726df6458838eebfa9e94a1c291e824f6e3fe86ff45,2026-10-07T07:59:44
sakana-namazu,remote,kwdlc,word_recall,all,0.7465190059338465,0.7379573327297503,0.75491541886639,2012,1000,1234,1,False,8295877ae96590fd4e706e482ec81e78d36954d18a3848c13b0ece0cb8e06f1c,sakana-namazu,5c754f9e14542a17ac1f0726df6458838eebfa9e94a1c291e824f6e3fe86ff45,2026-10-07T07:59:44
sakana-namazu,remote,kwdlc,word_f1,all,0.7700792412236179,0.7634569425371224,0.7765408461046976,2012,1000,1234,1,False,8295877ae96590fd4e706e482ec81e78d36954d18a3848c13b0ece0cb8e06f1c,sakana-namazu,5c754f9e14542a17ac1f0726df6458838eebfa9e94a1c291e824f6e3fe86ff45,2026-10-07T07:59:44
sakana-namazu,remote,kwdlc,parse_rate,all,0.9965208747514911,,,2012,1000,1234,1,False,8295877ae96590fd4e706e482ec81e78d36954d18a3848c13b0ece0cb8e06f1c,sakana-namazu,5c754f9e14542a17ac1f0726df6458838eebfa9e94a1c291e824f6e3fe86ff45,2026-10-07T07:59:44
sakana-namazu,remote,kwdlc,word_recall,proper_noun,0.5817438692098093,0.5324005988864455,0.6296433267587114,2012,1000,1234,1,False,8295877ae96590fd4e706e482ec81e78d36954d18a3848c13b0ece0cb8e06f1c,sakana-namazu,5c754f9e14542a17ac1f0726df6458838eebfa9e94a1c291e824f6e3fe86ff45,2026-10-07T07:59:44
sakana-namazu,remote,kwdlc,word_recall,katakana,0.7453833240067151,0.7148664881770365,0.776616886607845,2012,1000,1234,1,False,8295877ae96590fd4e706e482ec81e78d36954d18a3848c13b0ece0cb8e06f1c,sakana-namazu,5c754f9e14542a17ac1f0726df6458838eebfa9e94a1c291e824f6e3fe86ff45,2026-10-07T07:59:44
sakana-namazu,remote,kwdlc,word_recall,other,0.7504203546841788,0.7413019681102094,0.7591598757255871,2012,1000,1234,1,False,8295877ae96590fd4e706e482ec81e78d36954d18a3848c13b0ece0cb8e06f1c,sakana-namazu,5c754f9e14542a17ac1f0726df6458838eebfa9e94a1c291e824f6e3fe86ff45,2026-10-07T07:59:44
sudachi,baseline,kwdlc,boundary_precision,all,0.9108523660247798,0.9077514828407925,0.9139623315492407,2013,1000,1234,1,False,,,5c754f9e14542a17ac1f0726df6458838eebfa9e94a1c291e824f6e3fe86ff45,2026-10-07T07:59:44
sudachi,baseline,kwdlc,boundary_recall,all,0.9522457005524517,0.949679508006875,0.9548007183462293,2013,1000,1234,1,False,,,5c754f9e14542a17ac1f0726df6458838eebfa9e94a1c291e824f6e3fe86ff45,2026-10-07T07:59:44
sudachi,baseline,kwdlc,boundary_f1,all,0.9310892056031983,0.9292725645106915,0.9329086899142739,2013,1000,1234,1,False,,,5c754f9e14542a17ac1f0726df6458838eebfa9e94a1c291e824f6e3fe86ff45,2026-10-07T07:59:44
sudachi,baseline,kwdlc,word_precision,all,0.7979046975329503,0.7921983264644359,0.8031337733582105,2013,1000,1234,1,False,,,5c754f9e14542a17ac1f0726df6458838eebfa9e94a1c291e824f6e3fe86ff45,2026-10-07T07:59:44
sudachi,baseline,kwdlc,word_recall,all,0.8320216140021144,0.8272280586088162,0.836621731257961,2013,1000,1234,1,False,,,5c754f9e14542a17ac1f0726df6458838eebfa9e94a1c291e824f6e3fe86ff45,2026-10-07T07:59:44
sudachi,baseline,kwdlc,word_f1,all,0.8146060954571592,0.809540655672957,0.8196641002123346,2013,1000,1234,1,False,,,5c754f9e14542a17ac1f0726df6458838eebfa9e94a1c291e824f6e3fe86ff45,2026-10-07T07:59:44
sudachi,baseline,kwdlc,parse_rate,all,1.0,,,2013,1000,1234,1,False,,,5c754f9e14542a17ac1f0726df6458838eebfa9e94a1c291e824f6e3fe86ff45,2026-10-07T07:59:44
sudachi,baseline,kwdlc,word_recall,proper_noun,0.7588555858310627,0.7191149918900401,0.8005359094185208,2013,1000,1234,1,False,,,5c754f9e14542a17ac1f0726df6458838eebfa9e94a1c291e824f6e3fe86ff45,2026-10-07T07:59:44
sudachi,baseline,kwdlc,word_recall,katakana,0.8495525727069351,0.8288436163436163,0.8712583646361447,2013,1000,1234,1,False,,,5c754f9e14542a17ac1f0726df6458838eebfa9e94a1c291e824f6e3fe86ff45,2026-10-07T07:59:44
sudachi,baseline,kwdlc,word_recall,other,0.8327307326355852,0.8280798875066434,0.8372614957670411,2013,1000,1234,1,False,,,5c754f9e14542a17ac1f0726df6458838eebfa9e94a1c291e824f6e3fe86ff45,2026-10-07T07:59:44
sudachi,baseline,kwdlc,lemma_accuracy,all,0.9555626147112806,0.9527603105250072,0.958160475942458,2013,1000,1234,1,False,,,5c754f9e14542a17ac1f0726df6458838eebfa9e94a1c291e824f6e3fe86ff45,2026-10-07T07:59:44
sudachi,baseline,kwdlc,lemma_coverage,all,0.8320216140021144,0.8272505547788603,0.8367636904546708,2013,1000,1234,1,False,,,5c754f9e14542a17ac1f0726df6458838eebfa9e94a1c291e824f6e3fe86ff45,2026-10-07T07:59:44
gemma3:27b,local,kwdlc,eval_tokens_per_s,all,10.495477578858553,9.829986416168934,11.73550724632251,2009,0,1234,1,False,8295877ae96590fd4e706e482ec81e78d36954d18a3848c13b0ece0cb8e06f1c,gemma3:27b,5c754f9e14542a17ac1f0726df6458838eebfa9e94a1c291e824f6e3fe86ff45,2026-10-07T07:59:44
gemma3:27b,local,kwdlc,prompt_tokens_per_s,all,358.81222536782695,314.19168717210107,399.70099836492574,2009,0,1234,1,False,8295877ae96590fd4e706e482ec81e78d36954d18a3848c13b0ece0cb8e06f1c,gemma3:27b,5c754f9e14542a17ac1f0726df6458838eebfa9e94a1c291e824f6e3fe86ff45,2026-10-07T07:59:44
gemma3:27b,local,kwdlc,tokens_per_sentence,all,30.0,18.0,46.0,2009,0,1234,1,False,8295877ae96590fd4e706e482ec81e78d36954d18a3848c13b0ece0cb8e06f1c,gemma3:27b,5c754f9e14542a17ac1f0726df6458838eebfa9e94a1c291e824f6e3fe86ff45,2026-10-07T07:59:44
gemma3:27b,local,kwdlc,wall_s_per_sentence,all,3.4099149997346103,2.183357866294682,5.227360991481691,2009,0,1234,1,False,8295877ae96590fd4e706e482ec81e78d36954d18a3848c13b0ece0cb8e06f1c,gemma3:27b,5c754f9e14542a17ac1f0726df6458838eebfa9e94a1c291e824f6e3fe86ff45,2026-10-07T07:59:44
gemma3:27b,local,kwdlc,empty_content_rate,all,0.0,,,2009,0,1234,1,False,8295877ae96590fd4e706e482ec81e78d36954d18a3848c13b0ece0cb8e06f1c,gemma3:27b,5c754f9e14542a17ac1f0726df6458838eebfa9e94a1c291e824f6e3fe86ff45,2026-10-07T07:59:44
gemma3:27b@lem,local,kwdlc,eval_tokens_per_s,all,9.986891943376495,9.686836786083337,10.614442471621313,2009,0,1234,1,True,cdb0c645f95239e3822e498025881fa1b5b96cda41087228a270b92cceead11e,gemma3:27b,5c754f9e14542a17ac1f0726df6458838eebfa9e94a1c291e824f6e3fe86ff45,2026-10-07T07:59:44
gemma3:27b@lem,local,kwdlc,prompt_tokens_per_s,all,475.5375449271203,424.41253534955456,505.8239411352872,2009,0,1234,1,True,cdb0c645f95239e3822e498025881fa1b5b96cda41087228a270b92cceead11e,gemma3:27b,5c754f9e14542a17ac1f0726df6458838eebfa9e94a1c291e824f6e3fe86ff45,2026-10-07T07:59:44
gemma3:27b@lem,local,kwdlc,tokens_per_sentence,all,62.0,36.0,98.0,2009,0,1234,1,True,cdb0c645f95239e3822e498025881fa1b5b96cda41087228a270b92cceead11e,gemma3:27b,5c754f9e14542a17ac1f0726df6458838eebfa9e94a1c291e824f6e3fe86ff45,2026-10-07T07:59:44
gemma3:27b@lem,local,kwdlc,wall_s_per_sentence,all,6.800044083967805,4.044557633064687,10.585833566449583,2009,0,1234,1,True,cdb0c645f95239e3822e498025881fa1b5b96cda41087228a270b92cceead11e,gemma3:27b,5c754f9e14542a17ac1f0726df6458838eebfa9e94a1c291e824f6e3fe86ff45,2026-10-07T07:59:44
gemma3:27b@lem,local,kwdlc,empty_content_rate,all,0.0,,,2009,0,1234,1,True,cdb0c645f95239e3822e498025881fa1b5b96cda41087228a270b92cceead11e,gemma3:27b,5c754f9e14542a17ac1f0726df6458838eebfa9e94a1c291e824f6e3fe86ff45,2026-10-07T07:59:44
opencode-go/deepseek-v4.1-flash,remote,kwdlc,tokens_per_sentence,all,39.0,23.0,58.200000000000045,2009,0,1234,1,False,8295877ae96590fd4e706e482ec81e78d36954d18a3848c13b0ece0cb8e06f1c,deepseek-v4.1-flash,5c754f9e14542a17ac1f0726df6458838eebfa9e94a1c291e824f6e3fe86ff45,2026-10-07T07:59:44
opencode-go/deepseek-v4.1-flash,remote,kwdlc,wall_s_per_sentence,all,1.1021768753416836,0.81715785022825,1.9407420493662357,2009,0,1234,1,False,8295877ae96590fd4e706e482ec81e78d36954d18a3848c13b0ece0cb8e06f1c,deepseek-v4.1-flash,5c754f9e14542a17ac1f0726df6458838eebfa9e94a1c291e824f6e3fe86ff45,2026-10-07T07:59:44
opencode-go/deepseek-v4.1-flash,remote,kwdlc,empty_content_rate,all,0.0,,,2009,0,1234,1,False,8295877ae96590fd4e706e482ec81e78d36954d18a3848c13b0ece0cb8e06f1c,deepseek-v4.1-flash,5c754f9e14542a17ac1f0726df6458838eebfa9e94a1c291e824f6e3fe86ff45,2026-10-07T07:59:44
opencode-go/deepseek-v4.1-flash@lem,remote,kwdlc,tokens_per_sentence,all,77.0,46.80000000000001,118.0,2009,0,1234,1,True,cdb0c645f95239e3822e498025881fa1b5b96cda41087228a270b92cceead11e,deepseek-v4.1-flash,5c754f9e14542a17ac1f0726df6458838eebfa9e94a1c291e824f6e3fe86ff45,2026-10-07T07:59:44
opencode-go/deepseek-v4.1-flash@lem,remote,kwdlc,wall_s_per_sentence,all,1.5353075829334557,1.1202310083433986,2.6114465997554364,2009,0,1234,1,True,cdb0c645f95239e3822e498025881fa1b5b96cda41087228a270b92cceead11e,deepseek-v4.1-flash,5c754f9e14542a17ac1f0726df6458838eebfa9e94a1c291e824f6e3fe86ff45,2026-10-07T07:59:44
opencode-go/deepseek-v4.1-flash@lem,remote,kwdlc,empty_content_rate,all,0.0,,,2009,0,1234,1,True,cdb0c645f95239e3822e498025881fa1b5b96cda41087228a270b92cceead11e,deepseek-v4.1-flash,5c754f9e14542a17ac1f0726df6458838eebfa9e94a1c291e824f6e3fe86ff45,2026-10-07T07:59:44
sakana-namazu,remote,kwdlc,tokens_per_sentence,all,41.0,25.0,63.0,2008,0,1234,1,False,8295877ae96590fd4e706e482ec81e78d36954d18a3848c13b0ece0cb8e06f1c,sakana-namazu,5c754f9e14542a17ac1f0726df6458838eebfa9e94a1c291e824f6e3fe86ff45,2026-10-07T07:59:44
sakana-namazu,remote,kwdlc,wall_s_per_sentence,all,0.9743037079460919,0.7996863715816289,1.3836169419344515,2008,0,1234,1,False,8295877ae96590fd4e706e482ec81e78d36954d18a3848c13b0ece0cb8e06f1c,sakana-namazu,5c754f9e14542a17ac1f0726df6458838eebfa9e94a1c291e824f6e3fe86ff45,2026-10-07T07:59:44
sakana-namazu,remote,kwdlc,empty_content_rate,all,0.0,,,2009,0,1234,1,False,8295877ae96590fd4e706e482ec81e78d36954d18a3848c13b0ece0cb8e06f1c,sakana-namazu,5c754f9e14542a17ac1f0726df6458838eebfa9e94a1c291e824f6e3fe86ff45,2026-10-07T07:59:44
sakana-namazu@lem,remote,kwdlc,tokens_per_sentence,all,77.0,54.0,99.2,5,0,1234,1,True,cdb0c645f95239e3822e498025881fa1b5b96cda41087228a270b92cceead11e,sakana-namazu,5c754f9e14542a17ac1f0726df6458838eebfa9e94a1c291e824f6e3fe86ff45,2026-10-07T07:59:44
sakana-namazu@lem,remote,kwdlc,wall_s_per_sentence,all,3.076802833005786,1.9847287918440997,531.4712321414613,5,0,1234,1,True,cdb0c645f95239e3822e498025881fa1b5b96cda41087228a270b92cceead11e,sakana-namazu,5c754f9e14542a17ac1f0726df6458838eebfa9e94a1c291e824f6e3fe86ff45,2026-10-07T07:59:44
sakana-namazu@lem,remote,kwdlc,empty_content_rate,all,0.0,,,6,0,1234,1,True,cdb0c645f95239e3822e498025881fa1b5b96cda41087228a270b92cceead11e,sakana-namazu,5c754f9e14542a17ac1f0726df6458838eebfa9e94a1c291e824f6e3fe86ff45,2026-10-07T07:59:44
